Player,Tm,POS,AGE,GP,MPG,MIN,USG,TO,FTA,FT,2PA,PP,3PA,PPP,eFG,TS,PPG,RPG,TRB,APG,AST,SPG,BPG,TOPG,VI,ORTG,DRTG
Bogdan Bogdanovic,ATL,SG,28.74,44,29.7,61.8,21.3,8.5,44,0.909,232,0.522,333,0.438,0.602,0.616,16.4,3.6,6.7,3.3,17.6,1.11,0.3,1.23,7.8,121.1,108.3
Clint Capela,ATL,C,27,63,30.1,62.8,19.9,8.4,227,0.573,696,0.595,0,0,0.595,0.602,15.2,14.3,26,0.8,4.1,0.7,2.05,1.16,7.4,124.3,103.3
John Collins,ATL,C,23.65,63,29.3,61.1,22.2,8.9,204,0.833,563,0.615,208,0.399,0.61,0.645,17.6,7.4,13.8,1.2,6.9,0.54,1,1.33,7.4,124.3,104.1
Kris Dunn,ATL,G,27.16,4,11.4,23.6,16.1,17.9,4,0.75,10,0.1,2,0,0.083,0.182,1.3,1.5,7.2,0.5,5.4,0.5,0.5,0.75,3.5,40.9,91.4
Bruno Fernando,ATL,C,22.75,33,6.8,14.3,14.4,28.1,22,0.682,42,0.429,2,0,0.409,0.475,1.5,2.4,18.9,0.3,5.8,0.12,0.09,0.64,6,85.6,102.2
Danilo Gallinari,ATL,F,32.77,51,24,49.9,21.2,7.2,174,0.925,221,0.466,254,0.406,0.542,0.613,13.3,4.2,9.5,1.5,9.2,0.59,0.2,0.84,7.3,122.5,106.6
Brandon Goodwin,ATL,G,25.62,47,13.2,27.5,19.5,13,43,0.651,120,0.433,103,0.311,0.448,0.471,4.9,1.5,6.1,2,21.7,0.36,0,0.77,7.4,100.2,110.2
Solomon Hill,ATL,F,30.16,71,21.3,44.4,10.3,11.7,46,0.761,85,0.447,212,0.321,0.471,0.496,4.4,3,7.7,1.1,6.4,0.7,0.15,0.59,4.6,103.5,108.3
Kevin Huerter,ATL,SG,22.72,69,30.8,64.2,17.2,9.4,64,0.781,345,0.51,386,0.363,0.528,0.541,11.9,3.3,5.9,3.5,16.3,1.19,0.26,1.14,6.7,112.1,108.5
De'Andre Hunter,ATL,PF,23.46,23,29.5,61.4,20.2,9.2,85,0.859,153,0.582,95,0.326,0.546,0.603,15,4.8,8.9,1.9,9.7,0.83,0.52,1.26,7,118.4,106.8
Nathan Knight,ATL,PF,23.66,33,8.4,17.6,21.6,10.9,55,0.8,66,0.47,33,0.182,0.404,0.503,3.8,2.2,14.1,0.2,4,0.27,0.3,0.45,5.7,106,106.8
Skylar Mays,ATL,PG,23.7,33,8.2,17,19.1,7.6,25,0.88,58,0.517,40,0.35,0.52,0.569,3.8,1.1,7.1,0.9,16.4,0.42,0.06,0.27,7.6,120.8,110
Onyeka Okongwu,ATL,PF,20.43,50,12,25.1,14.7,14.3,57,0.632,146,0.658,3,0,0.644,0.655,4.6,3.3,14.8,0.4,4.4,0.46,0.66,0.58,6.1,123.6,96.7
Cam Reddish,ATL,SF,21.71,26,28.9,60.1,19.3,10.2,82,0.817,137,0.46,126,0.262,0.428,0.488,11.2,4,7.6,1.3,6.5,1.27,0.35,1.31,5.4,99.1,106.2
Rajon Rondo,ATL,PG,35.23,27,14.9,31,16.2,26,2,0.5,65,0.415,45,0.378,0.477,0.478,3.9,2,7.5,3.5,32.2,0.7,0.07,1.44,8.1,97.5,108.6
Tony Snell,ATL,SG,29.52,47,21.1,44,8.6,10.7,11,1,62,0.419,109,0.569,0.696,0.708,5.3,2.4,6.2,1.3,7.9,0.28,0.23,0.45,4.8,134.7,110.2
Lou Williams,ATL,PG,34.55,24,21.1,43.9,24.3,14.6,54,0.87,163,0.368,54,0.444,0.442,0.496,10,2.1,5.4,3.4,23.7,0.33,0.08,1.71,7.9,100.7,114.2
Trae Young,ATL,PG,22.66,63,33.7,70.3,33,16.2,546,0.886,715,0.491,397,0.343,0.499,0.589,25.3,3.9,6.3,9.4,45.5,0.84,0.17,4.14,11.6,116.9,111.9
Jaylen Brown,BOS,PF,24.56,58,34.5,71.8,29.7,11.5,250,0.764,701,0.535,410,0.398,0.558,0.586,24.7,6,9.7,3.4,16.5,1.24,0.55,2.72,9.2,111.6,107.3
Carsen Edwards,BOS,G,23.18,31,8.9,18.5,19.3,5.7,13,0.846,48,0.604,63,0.286,0.505,0.527,4,0.8,5.3,0.5,7.4,0.23,0.03,0.23,5.3,107.5,108.8
Tacko Fall,BOS,C,25.43,18,7.5,15.7,13.2,14.4,15,0.333,29,0.724,0,0,0.724,0.66,2.6,2.9,21.4,0.2,3.1,0.06,1.11,0.33,6.1,123.1,96.3
Evan Fournier,BOS,SG,28.55,16,29.5,61.5,18,9.6,14,0.714,77,0.429,95,0.463,0.576,0.584,13,3.3,6.2,3.1,14.9,1.25,0.63,1.19,6.9,116.1,107.5
Javonte Green,BOS,SF,27.82,25,13.8,28.8,12.1,13.4,30,0.667,49,0.653,22,0.318,0.599,0.624,4.2,2.1,8.4,0.4,4.3,0.72,0.08,0.52,4.4,119.4,106.5
Luke Kornet,BOS,C,25.84,18,14.1,29.4,13.7,7.4,2,0.5,38,0.684,36,0.25,0.534,0.534,4.4,2.9,11.4,1.1,10.9,0.11,1.39,0.33,6.8,116,109.5
Romeo Langford,BOS,SG,21.56,18,15.7,32.7,11.3,13.5,12,0.75,41,0.39,18,0.278,0.398,0.436,3.1,1.9,6.9,0.7,5.9,0.33,0.22,0.56,4.1,94.3,109.7
Aaron Nesmith,BOS,SF,21.58,46,14.5,30.3,13.7,10.8,28,0.786,70,0.543,108,0.37,0.551,0.573,4.7,2.8,10.6,0.5,4.6,0.33,0.2,0.5,5.2,112.3,102.6
Semi Ojeleye,BOS,F,26.45,56,17,35.3,11.6,8.2,32,0.75,63,0.492,158,0.367,0.534,0.553,4.6,2.6,8.6,0.7,5.1,0.3,0,0.38,4.8,113.9,111.8
Jabari Parker,BOS,F,26.17,10,13.8,28.8,18.9,11.5,13,0.769,38,0.632,10,0.2,0.563,0.596,6.4,3.6,14.5,1,10.8,0.1,0.4,0.7,8.2,117.6,109.7
Payton Pritchard,BOS,G,23.3,66,19.2,40,16.7,10.8,45,0.889,170,0.482,248,0.411,0.562,0.582,7.7,2.4,6.9,1.8,13.3,0.56,0.14,0.8,6.7,116.3,109.1
Marcus Smart,BOS,G,27.2,48,32.9,68.6,18.4,14.2,162,0.79,228,0.482,282,0.33,0.489,0.539,13.1,3.5,5.9,5.7,23.6,1.5,0.5,2,7.8,113.2,108.7
Jayson Tatum,BOS,SG,23.21,64,35.8,74.5,30.8,10.4,340,0.868,833,0.502,485,0.386,0.53,0.576,26.4,7.4,11.5,4.3,20.3,1.17,0.48,2.67,10.5,113.4,109.7
Jeff Teague,BOS,PG,32.93,34,18.1,37.8,17.7,15.4,61,0.836,132,0.394,56,0.464,0.484,0.542,6.9,1.7,5.1,2.1,16.2,0.76,0.21,1.15,6.4,107.4,110.2
Daniel Theis,BOS,C,29.12,42,24.5,50.9,15,11.4,67,0.687,193,0.653,95,0.347,0.609,0.625,9.5,5.2,11.9,1.6,9.3,0.6,1.02,0.98,7,122,103.6
Tristan Thompson,BOS,PF,30.18,54,23.8,49.6,14.8,14.1,120,0.592,323,0.523,3,0,0.518,0.54,7.6,8.1,19,1.2,7.2,0.44,0.61,1.15,7.1,114.5,105.4
Moritz Wagner,BOS,PF,24.06,9,6.8,14.1,16.9,37.7,2,0.5,8,0.25,6,0.333,0.357,0.37,1.2,2.1,17.4,0.7,12.4,0,0.11,1,7.1,65.4,97
Kemba Walker,BOS,PG,31.03,43,31.8,66.3,26.1,10.6,149,0.899,323,0.486,353,0.36,0.514,0.559,19.3,4,6.9,4.9,23.8,1.12,0.28,2.05,9.1,113.5,112.6
Tremont Waters,BOS,G,23.35,26,9.1,19,21.5,22.8,17,0.941,46,0.413,38,0.395,0.494,0.541,3.8,0.8,4.9,2.4,36.4,0.58,0.04,1.04,8.5,107.7,108.9
Robert Williams III,BOS,PF,23.58,52,18.9,39.5,15,15.2,73,0.616,256,0.727,2,0,0.721,0.719,8,6.9,20.2,1.8,14.2,0.83,1.77,1,9.8,137.8,101.5
Grant Williams,BOS,F,22.46,63,18.1,37.6,12.3,17.2,51,0.588,118,0.508,129,0.372,0.534,0.546,4.7,2.8,8.7,1,7.4,0.51,0.37,0.89,5.2,104,101.9
LaMarcus Aldridge,BRK,PF,35.83,5,26,54.3,19.9,11.8,10,1,43,0.488,5,0.8,0.563,0.611,12.8,4.8,10.2,2.6,14.3,0.6,2.2,1.4,8.3,116.4,107.4
Jarrett Allen,BRK,C,23.07,12,26.6,55.5,15.5,19.3,61,0.754,65,0.677,0,0,0.677,0.73,11.2,10.4,21.6,1.7,8.3,0.58,1.58,1.83,8.8,134.4,106.6
Bruce Brown,BRK,SG,24.75,65,22.3,46.5,15.9,10.2,117,0.735,364,0.599,59,0.288,0.576,0.604,8.8,5.4,13.3,1.6,9.8,0.86,0.43,0.83,7.6,123.9,105
Chris Chiozza,BRK,PG,25.49,22,10.6,22,20.9,14.4,17,0.765,46,0.391,42,0.31,0.426,0.461,4,1.1,5.7,3,36.9,0.32,0.27,0.73,8.9,107.2,109.6
Nicolas Claxton,BRK,PF,22.08,32,18.6,38.7,14,9.4,64,0.484,140,0.636,5,0.2,0.624,0.612,6.6,5.2,15.4,0.9,6.4,0.72,1.25,0.56,6.7,123.5,102.1
Tyler Cook,BRK,F,23.65,4,4.2,8.6,10.5,25,0,0,3,0.333,0,0,0.333,0.333,0.5,0.5,6.7,0.5,14.5,0,0,0.25,4.8,88,108.1
Spencer Dinwiddie,BRK,G,28.11,3,21.4,44.7,16,21.2,6,1,9,0.444,7,0.286,0.438,0.536,6.7,4.3,11.2,3,17.5,0.67,0.33,1.67,8.3,102,108.5
Kevin Durant,BRK,F,32.63,35,33.1,68.9,31.2,14.5,238,0.882,414,0.577,189,0.45,0.608,0.666,26.9,7.1,11.8,5.6,27.5,0.71,1.29,3.43,12.4,121.4,109.3
Jeff Green,BRK,F,34.72,68,27,56.2,15.6,8.2,161,0.776,280,0.564,250,0.412,0.59,0.624,11,3.9,7.9,1.6,7.8,0.53,0.4,0.79,6.1,121.8,111
Blake Griffin,BRK,F,32.17,26,21.5,44.9,18.9,12.3,55,0.782,108,0.574,81,0.383,0.574,0.61,10,4.7,11.9,2.4,15.5,0.69,0.5,1.15,9,120.6,102.8
James Harden,BRK,G,31.72,36,36.6,76.3,28.4,16.7,263,0.856,337,0.552,262,0.366,0.551,0.619,24.6,8.6,12.9,10.9,43.8,1.28,0.75,3.97,14.4,122.4,107.8
Joe Harris,BRK,SG,29.69,69,31,64.7,16.2,7.8,63,0.778,263,0.555,444,0.475,0.654,0.663,14.1,3.6,6.4,1.9,8.4,0.68,0.2,0.9,5.9,125.3,111.7
Kyrie Irving,BRK,PG,29.15,54,34.9,72.8,30.3,9.8,218,0.922,708,0.561,378,0.402,0.576,0.614,26.9,4.8,7.5,6,28.6,1.41,0.69,2.39,10.5,121,109.3
Mike James,BRK,PG,30.75,13,18.2,37.8,22.9,16.1,27,0.778,61,0.377,31,0.355,0.429,0.481,7.7,2.5,7.5,4.2,30.6,0.46,0.08,1.54,9.5,102.8,113.3
Alize Johnson,BRK,F,25.07,18,10.5,21.8,19.1,10.9,13,1,62,0.629,6,0.167,0.596,0.638,5.2,5,26.3,0.8,10.9,0.28,0.28,0.5,10.5,131.1,102.6
Tyler Johnson,BRK,G,29.03,39,17.5,36.5,13.4,8.1,21,0.857,51,0.471,132,0.364,0.525,0.546,5.4,2,6.2,1.2,8.7,0.36,0,0.44,5.4,110.6,111.9
DeAndre Jordan,BRK,C,32.82,57,21.9,45.5,13.2,22.6,92,0.5,249,0.763,1,0,0.76,0.733,7.5,7.5,18.9,1.6,10.1,0.3,1.14,1.49,8.2,126.5,104.9
Rodions Kurucs,BRK,F,23.28,5,3.2,6.6,8.3,0,0,0,1,0,2,0.5,0.5,0.5,0.6,0.6,10.5,0.4,15.3,0,0,0,6.6,,
Caris LeVert,BRK,G,26.73,12,27.8,57.9,31.5,10.8,34,0.765,137,0.474,63,0.349,0.49,0.516,18.5,4.3,8.6,6,34.2,1.08,0.5,2.17,11.2,107.6,110.5
Timothe Luwawu-Cabarrot,BRK,SF,26.02,58,18.1,37.7,17.4,10.3,43,0.814,117,0.47,239,0.314,0.471,0.493,6.4,2.2,6.8,1.2,8.5,0.57,0.1,0.74,5.7,99.7,108
Norvel Pelle,BRK,C,28.28,3,9.3,19.3,15.7,30,0,0,7,0.429,0,0,0.429,0.429,2,2.3,13.9,0,0,0,1,1,0,75.8,83.2
Reggie Perry,BRK,F-C,21.15,26,8.1,16.9,20.4,15.2,13,0.769,57,0.491,21,0.19,0.436,0.466,3,2.8,19.1,0.5,9,0.23,0.23,0.58,8,100.3,94.2
Taurean Prince,BRK,F,27.15,12,18.2,37.8,19.4,11.4,27,0.889,37,0.459,37,0.351,0.493,0.565,8.1,2.8,8.6,0.6,4.3,0.67,0.67,0.92,5.2,105,106
Andre Roberson,BRK,G-F,29.45,5,12.6,26.2,11.7,11.8,2,0.5,6,0.167,8,0.125,0.179,0.202,1.2,3,13.2,0.8,7.4,0.6,0.2,0.4,4.5,78.5,109.5
Landry Shamet,BRK,G,24.18,61,23,47.9,16.7,8.9,78,0.846,123,0.463,333,0.387,0.549,0.578,9.3,1.8,4.4,1.6,9.3,0.52,0.16,0.79,5.2,112.5,112.3
Iman Shumpert,BRK,SG,30.89,2,5.5,11.5,19.8,20,0,0,1,1,3,0,0.25,0.25,1,0.5,5,0,0,0.5,0,0.5,0,55.9,117.4
Noah Vonleh,BRK,F,25.73,4,2.7,5.6,20.2,40,0,0,1,0,2,0,0,0,0,0.3,5.1,0.3,10.4,0,0,0.5,0,,
LaMelo Ball,CHO,PG,19.74,51,28.8,60,26.1,16.3,165,0.758,411,0.489,261,0.352,0.504,0.539,15.7,5.9,11.1,6.1,33.9,1.59,0.35,2.84,11.5,107.3,104.2
Bismack Biyombo,CHO,C,28.72,66,20.4,42.6,11.5,19.8,105,0.448,241,0.589,1,0,0.587,0.574,5,5.3,13.9,1.2,8.3,0.26,1.12,1.08,6.2,111.5,105.6
Miles Bridges,CHO,F,23.16,66,29.3,61,17.3,13.6,113,0.867,332,0.593,290,0.4,0.596,0.625,12.7,6,11.1,2.2,11.4,0.67,0.79,1.61,7.5,115.5,108.2
Vernon Carey Jr.,CHO,C,20.22,19,6,12.6,17.2,10.9,11,0.818,29,0.586,7,0.143,0.514,0.563,2.4,1.4,12.8,0.1,2.6,0.05,0.26,0.26,4.6,107.1,104
Nate Darling,CHO,PG,22.71,7,3.7,7.8,15.4,10.7,3,1,0,0,7,0.286,0.429,0.541,1.3,0.1,2.1,0.1,5.1,0,0.14,0.14,2.5,,
Devonte' Graham,CHO,G,26.23,55,30.2,62.8,21.4,10.2,158,0.842,192,0.38,477,0.375,0.51,0.552,14.8,2.7,4.8,5.4,26.3,0.87,0.11,1.53,7.9,115.3,113.6
Gordon Hayward,CHO,SF,31.15,44,34,70.8,23.9,11,185,0.843,453,0.499,205,0.415,0.537,0.584,19.6,5.9,9.3,4.1,19.5,1.18,0.32,2.07,9.2,113.9,110.7
Caleb Martin,CHO,F,25.63,53,15.4,32.2,16.7,10.4,64,0.641,131,0.496,125,0.248,0.436,0.465,5,2.7,9.3,1.3,11.5,0.7,0.23,0.62,6.7,98.6,107.6
Cody Martin,CHO,F,25.63,52,16.3,34,12.5,16.2,43,0.581,130,0.515,58,0.276,0.484,0.5,4,3.1,10.3,1.7,13.9,0.73,0.23,0.77,6.8,106,109.4
Jalen McDaniels,CHO,PF,23.29,47,19.2,40.1,17,12.6,64,0.703,179,0.547,105,0.333,0.53,0.554,7.4,3.6,10.1,1.1,8.6,0.6,0.4,0.96,6.4,106.5,105
Malik Monk,CHO,G,23.28,42,20.9,43.6,23.8,11.3,72,0.819,187,0.471,212,0.401,0.54,0.569,11.7,2.4,6.2,2.1,15.7,0.45,0.1,1.31,7.4,107.6,112.5
Nick Richards,CHO,C,23.46,18,3.5,7.2,11.6,17.8,11,0.636,8,0.5,1,0,0.444,0.542,0.8,0.6,9.5,0.1,4.2,0,0,0.17,4.2,,
Grant Riller,CHO,SG,24.27,7,3.9,8.1,20.6,7.7,0,0,8,0.75,4,0.5,0.75,0.75,2.6,0.1,2,0.4,20.6,0.14,0,0.14,4.8,,
Terry Rozier,CHO,PG,27.17,69,34.5,72,24.4,9.5,202,0.817,562,0.512,571,0.389,0.548,0.576,20.4,4.4,6.9,4.2,20,1.25,0.38,1.87,8.4,113.3,111.8
Brad Wanamaker,CHO,SG,31.81,22,19.5,40.5,18.1,18.9,45,0.889,102,0.5,24,0.125,0.44,0.518,6.9,1.8,4.9,3.4,24.9,0.73,0.23,1.55,7.1,104.6,108.3
P.J. Washington,CHO,F,22.73,64,30.5,63.6,19.4,14.6,145,0.745,397,0.479,290,0.386,0.521,0.549,12.9,6.5,11.6,2.5,12.2,1.09,1.23,2,7.8,104.3,105.8
Cody Zeller,CHO,C,28.61,48,20.9,43.6,18.3,11.9,119,0.714,296,0.598,28,0.143,0.565,0.599,9.4,6.8,17.7,1.8,13.2,0.56,0.35,1.06,9.3,121.8,101.5
Al-Farouq Aminu,CHI,F,30.65,6,11.2,23.4,9.8,19.7,5,0.8,4,0.25,6,0.167,0.25,0.369,1.5,3.2,15.6,0.3,3.5,0.33,0,0.5,4,77,101.9
Ryan Arcidiacono,CHI,SG,27.14,44,10.2,21.3,13.1,7.4,20,0.65,50,0.48,67,0.373,0.526,0.541,3.1,1.5,8.2,1.3,16.3,0.2,0,0.23,7.1,117.6,105.3
Troy Brown Jr.,CHI,SG,21.8,13,18.2,37.9,11.5,8,6,0.833,31,0.677,24,0.333,0.6,0.616,5.5,3.4,10.3,0.8,5.6,0.54,0.15,0.38,5.4,122.1,106.6
Wendell Carter Jr.,CHI,PF,22.09,32,24.7,51.5,19.2,14,111,0.739,230,0.526,22,0.364,0.528,0.578,10.9,7.8,17.4,2.2,12.3,0.56,0.75,1.53,9.3,114.8,100.9
Devon Dotson,CHI,PG,21.79,11,4.6,9.5,18.1,0,0,0,14,0.714,7,0.143,0.548,0.548,2.1,0.5,5.5,0.6,21.3,0.36,0,0,7.5,125.6,108
Cristiano Felicio,CHI,C,28.86,18,4.6,9.7,12.5,16.6,16,0.563,11,0.636,2,0,0.538,0.574,1.3,1.4,17.2,0.5,13.6,0.22,0,0.22,8.4,124.2,100.3
Daniel Gafford,CHI,C,22.63,31,12.4,25.8,14.4,17.3,41,0.659,87,0.69,0,0,0.69,0.7,4.7,3.3,14.9,0.5,6.2,0.35,1.1,0.71,6.4,127.2,99.9
Javonte Green,CHI,SF,27.82,16,8,16.7,14,14.5,10,1,23,0.478,8,0.375,0.5,0.579,2.6,1.2,8.2,0.4,6.1,0.63,0.25,0.38,5.4,111.5,102.4
Chandler Hutchison,CHI,SG,25.06,7,9.1,18.9,16.3,20.9,2,1,15,0.267,3,0.333,0.306,0.344,1.9,2.9,17.4,0.6,7.9,0.14,0,0.71,6.5,67.1,97.5
Luke Kornet,CHI,C,25.84,13,7.2,15,13.8,3.4,4,0.5,4,0.75,23,0.261,0.444,0.452,2,1.2,9.5,0.3,5.5,0.15,0.54,0.08,5,98.9,115.3
Zach LaVine,CHI,SG,26.19,58,35.1,73,31.1,13.9,298,0.849,646,0.571,477,0.419,0.596,0.634,27.4,5,7.9,4.9,23.4,0.79,0.47,3.5,10,114.7,109.5
Lauri Markkanen,CHI,C,23.99,51,25.8,53.8,20.2,8.5,92,0.826,224,0.585,296,0.402,0.595,0.62,13.6,5.3,11.3,0.9,5,0.51,0.29,1.02,6.2,115.3,109.7
Adam Mokoka,CHI,G,22.83,14,4,8.4,18.9,20.5,1,0,9,0.667,10,0.1,0.395,0.386,1.1,0.4,4.9,0.4,11.9,0.14,0.07,0.36,5.6,72.9,107.5
Otto Porter Jr.,CHI,SF,27.95,25,21.6,45,19.5,10.3,37,0.838,107,0.477,95,0.4,0.535,0.566,9.9,5.5,14.2,2,13.1,0.48,0.16,1,8.8,113.6,107.6
Tomas Satoransky,CHI,G,29.55,58,22.5,46.9,15.2,20.9,79,0.848,210,0.605,118,0.356,0.579,0.616,7.7,2.4,6,4.7,27.9,0.69,0.24,1.66,7.9,118.4,109.9
Garrett Temple,CHI,PG,35.03,56,27.3,56.9,13,12.4,50,0.8,181,0.503,200,0.335,0.503,0.525,7.6,2.8,5.8,2.2,10.5,0.77,0.52,1.02,5.3,105,108.4
Daniel Theis,CHI,F,29.12,23,24.9,52,16.8,11.3,43,0.651,121,0.636,57,0.281,0.567,0.584,10,5.9,13.1,1.8,10,0.7,0.61,1.09,7.6,115.7,106.4
Denzel Valentine,CHI,SG,27.5,62,16.7,34.8,19.5,9,17,0.941,174,0.431,242,0.331,0.469,0.479,6.5,3.2,10.5,1.7,14,0.48,0.11,0.68,7.9,99.6,108.1
Nikola Vucevic,CHI,C,30.56,26,32.6,67.9,28.2,7.8,46,0.87,336,0.509,152,0.388,0.532,0.55,21.5,11.6,19.7,3.9,20,0.88,0.77,1.65,12.2,112,105.2
Coby White,CHI,PG,21.25,69,31.2,65.1,22.5,13.9,142,0.901,448,0.473,454,0.359,0.506,0.54,15.1,4.1,7.3,4.8,21.8,0.55,0.22,2.26,8.6,105.5,108.3
Patrick Williams,CHI,F,19.72,71,27.9,58.2,14.9,14.4,125,0.728,390,0.515,138,0.391,0.534,0.562,9.2,4.6,9.1,1.4,6.7,0.9,0.65,1.38,5.6,104.6,109.1
Thaddeus Young,CHI,F,32.9,68,24.3,50.6,22.3,16,113,0.628,618,0.579,45,0.267,0.567,0.577,12.1,6.2,14.1,4.3,27.1,1.09,0.59,2,11.3,115.3,104.5
Jarrett Allen,CLE,C,23.07,51,30.3,63.1,16.8,13.1,229,0.69,398,0.623,19,0.316,0.616,0.649,13.2,9.9,18.3,1.7,8.8,0.47,1.41,1.53,8,124.4,111.2
Marques Bolden,CLE,C,23.08,6,4.8,9.9,13,23.5,8,0.625,3,0.333,0,0,0.333,0.537,1.2,1,11.7,0,0,0.33,0.33,0.33,0,100.2,116.4
Quinn Cook,CLE,PG,28.15,7,13.6,28.4,21.6,8.5,3,1,29,0.379,13,0.462,0.476,0.496,6.1,1.7,7,1.9,22.1,0.43,0,0.57,7.9,104.9,109.7
Matthew Dellavedova,CLE,PG,30.69,13,17.2,35.9,12.4,9.4,4,1,31,0.323,25,0.16,0.286,0.312,2.8,1.8,6,4.5,35.2,0.31,0.08,0.46,6.6,100.3,110.2
Damyean Dotson,CLE,SG,27.03,46,19.7,41.1,16.9,12,36,0.667,134,0.545,159,0.289,0.485,0.499,6.7,2,5.7,2,15.1,0.35,0.09,0.91,6.1,98.9,115
Andre Drummond,CLE,C,27.77,25,28.9,60.2,31.3,15.6,129,0.597,372,0.484,8,0,0.474,0.5,17.5,13.5,26,2.6,16.2,1.6,1.16,3.24,11.8,96.9,100.8
Dante Exum,CLE,SG,25.84,6,19.4,40.3,12.7,20.7,2,0.5,15,0.533,11,0.182,0.423,0.428,3.8,2.8,8.2,2.2,15.7,0.67,0.33,1.17,5.9,86.4,109.6
Yogi Ferrell,CLE,SG,28.02,2,20.3,42.2,26.8,12.1,2,0,12,0.417,9,0.333,0.452,0.434,9.5,3.5,9.6,2.5,20.6,1.5,0.5,1.5,8.6,90.2,105.5
Darius Garland,CLE,G,21.3,54,33.1,69.1,24.9,16,132,0.848,536,0.479,266,0.395,0.517,0.547,17.4,2.4,4,6.1,30.9,1.22,0.11,3.04,7.7,104.5,113.1
Isaiah Hartenstein,CLE,C,23.03,16,17.9,37.3,19.7,17.8,35,0.686,85,0.6,6,0.333,0.593,0.62,8.3,6,18.7,2.5,22.8,0.5,1.19,1.44,11.2,116.8,97.8
Mfiondu Kabengele,CLE,SF,23.76,16,11.6,24.2,16.9,12.5,14,0.786,25,0.6,32,0.281,0.5,0.538,4.3,2.9,13.8,0.8,9.6,0.38,0.63,0.56,7.4,107,105.9
Kevin Love,CLE,PF,32.69,25,24.9,51.9,21.9,12.2,51,0.824,96,0.479,156,0.365,0.522,0.556,12.2,7.4,16.7,2.5,16,0.64,0.08,1.52,9.8,107.4,110.2
Thon Maker,CLE,PF,20,8,9.6,19.9,14.7,11.6,11,0.909,16,0.625,2,0,0.556,0.657,3.8,2.3,13.1,0.5,7.8,0.25,0.5,0.38,6.8,132.1,108.4
Jeremiah Martin,CLE,G,24.91,9,8.4,17.4,23.9,14.6,5,0.2,21,0.286,12,0.25,0.318,0.313,2.4,0.8,5.2,0.4,7.9,0.56,0.22,0.67,4.4,62.8,116.3
JaVale McGee,CLE,C,33.32,33,15.2,31.8,24.6,15.8,55,0.655,195,0.549,20,0.25,0.533,0.554,8,5.2,18.9,1,11.4,0.48,1.21,1.36,9.1,102.8,97.8
Larry Nance Jr.,CLE,SF,28.37,35,31.2,65,13.9,15.8,49,0.612,158,0.551,114,0.36,0.546,0.557,9.3,6.7,12,3.1,14.4,1.74,0.49,1.57,7.4,108.8,108.5
Isaac Okoro,CLE,SF,20.3,67,32.4,67.6,14.3,12,157,0.726,345,0.501,214,0.29,0.476,0.514,9.6,3.1,5.3,1.9,8.6,0.93,0.36,1.28,4.7,102.5,110.9
Cedi Osman,CLE,F,26.11,59,25.6,53.3,20.4,11.3,95,0.8,262,0.458,324,0.306,0.458,0.488,10.4,3.4,7.4,2.9,17.7,0.9,0.15,1.36,7.3,100.2,110
Taurean Prince,CLE,G,27.15,29,23.7,49.4,19.7,11.6,49,0.837,135,0.385,118,0.415,0.496,0.532,10.1,3.7,8.8,2.4,15.4,0.69,0.52,1.24,7.6,105.6,109.7
Collin Sexton,CLE,PG,22.36,60,35.3,73.4,29.7,11.6,383,0.815,841,0.508,264,0.371,0.519,0.573,24.3,3.1,4.9,4.4,22.6,1.05,0.17,2.78,7.8,110.7,112.1
Lamar Stevens,CLE,F,23.86,40,12.5,26,15.9,12.7,51,0.725,111,0.523,25,0.16,0.471,0.521,4.1,2.4,10.7,0.6,7.5,0.43,0.33,0.58,5.8,103,106
Brodric Thomas,CLE,G,24.3,28,13.4,27.9,15.8,13.2,39,0.667,48,0.458,53,0.283,0.441,0.487,4.1,1.8,7.3,0.9,9.9,0.5,0.32,0.64,5.6,96.5,108.1
Anderson Varejao,CLE,F,38.63,5,7.2,15,25.4,4.8,9,0.556,15,0.267,1,0,0.25,0.326,2.6,4,31.1,0.6,12.2,0,0.4,0.2,10.2,90.1,104.6
Dean Wade,CLE,C,24.49,63,19.2,40.1,12.9,8.4,39,0.769,98,0.571,213,0.366,0.556,0.573,6,3.4,9.9,1.2,8.9,0.54,0.33,0.48,6,115.5,111
Dylan Windler,CLE,SF,24.65,31,16.5,34.5,14.9,18.3,27,0.778,53,0.585,78,0.333,0.534,0.563,5.2,3.5,11.6,1.1,9.4,0.61,0.39,1.03,6.6,102,108.9
Tyler Bey,DAL,PF,23.26,18,3.9,8.2,16.9,11,5,0.6,18,0.333,4,0.25,0.341,0.372,1,1,14,0.2,5.6,0,0.06,0.17,6,,
Jalen Brunson,DAL,PG,24.71,68,25,52,20.2,10.3,151,0.795,427,0.578,200,0.405,0.588,0.618,12.6,3.4,7.5,3.5,21.3,0.51,0.01,1.18,8.5,123,110.7
Trey Burke,DAL,PG,28.51,62,14.7,30.6,19.9,8,57,0.895,189,0.492,164,0.354,0.51,0.544,6.6,0.9,3.3,1.3,12.9,0.6,0.1,0.53,5.4,110,110.7
Willie Cauley-Stein,DAL,C,27.75,53,17.1,35.6,12,11.8,78,0.628,171,0.667,11,0.091,0.635,0.647,5.3,4.5,14.4,0.7,5.3,0.4,0.81,0.55,6,128,99.5
Luka Doncic,DAL,SF,22.21,66,34.3,71.4,36,15.3,471,0.73,803,0.567,548,0.35,0.55,0.587,27.7,8,12.8,8.6,44.1,0.97,0.55,4.26,14.5,113.7,107.3
Dorian Finney-Smith,DAL,F,28.04,60,32,66.7,12.3,9,41,0.756,164,0.616,302,0.394,0.6,0.609,9.8,5.4,9.4,1.7,7.2,0.87,0.4,0.8,5.6,123.5,109.4
Josh Green,DAL,SG,20.5,39,11.4,23.8,11.9,14.2,23,0.565,68,0.559,25,0.16,0.473,0.49,2.6,2,9.7,0.7,8.3,0.41,0.08,0.44,5.4,105.4,108.2
Tim Hardaway Jr.,DAL,SG,29.17,70,28.4,59.1,23.4,6.1,174,0.816,382,0.524,529,0.391,0.56,0.589,16.6,3.3,6.4,1.8,9.8,0.44,0.16,0.91,6.5,116,112.4
Nate Hinton,DAL,SF,21.94,21,4.4,9.3,24.3,9.7,10,0.7,23,0.478,19,0.211,0.405,0.442,2,0.4,5.3,0.4,12.3,0.29,0.1,0.24,6.2,90.5,106.3
Wes Iwundu,DAL,SF,26.41,23,12.5,26.1,9.9,9.4,14,0.857,29,0.483,23,0.13,0.356,0.421,2.1,1.9,8.4,0.4,4.4,0.39,0.13,0.26,3.7,92.6,106.6
James Johnson,DAL,PF,34.24,29,17.4,36.2,16.2,14.6,29,0.586,85,0.612,60,0.25,0.514,0.526,5.7,3,9.4,1.7,13.7,0.83,0.79,0.93,7.1,104.1,102.1
Maxi Kleber,DAL,SF,29.3,50,26.8,55.9,10.6,9.3,37,0.919,63,0.46,212,0.41,0.58,0.606,7.1,5.2,10.7,1.4,6.6,0.48,0.7,0.6,5.6,122.8,108.1
Boban Marjanovic,DAL,C,32.75,33,8.2,17.1,24.6,8,38,0.816,114,0.535,8,0.125,0.512,0.562,4.7,3.9,26,0.3,5.9,0.06,0.18,0.36,8.6,120.7,101.5
Nicolo Melli,DAL,SF,30.3,23,14.1,29.4,12.9,5.3,18,0.722,34,0.441,48,0.333,0.476,0.506,4,2.8,11,0.8,7.7,0.26,0.13,0.22,5.9,114.9,106.8
Kristaps Porzingis,DAL,C,25.79,43,30.9,64.3,26.5,6.4,138,0.855,425,0.536,258,0.376,0.547,0.582,20.1,8.9,15.8,1.6,8.4,0.47,1.35,1.19,8.5,116.7,105.3
Dwight Powell,DAL,C,29.83,58,16.6,34.7,13.2,13.9,124,0.782,173,0.665,21,0.238,0.631,0.688,5.9,4.1,13.5,1.1,8.9,0.6,0.52,0.69,7.2,135.6,99.8
JJ Redick,DAL,SG,36.89,13,11.3,23.5,19.9,16.6,5,0.8,15,0.267,38,0.395,0.5,0.516,4.4,0.9,4.5,0.8,10.3,0.15,0.08,0.85,5.2,93.2,109.6
Josh Richardson,DAL,SF,27.67,59,30.3,63.2,18.4,10.6,108,0.917,351,0.501,267,0.33,0.498,0.537,12.1,3.3,6,2.6,12.1,1.03,0.41,1.34,6.2,108.6,109.9
Tyrell Terry,DAL,PG,20.63,11,5.1,10.7,15.2,10.4,3,0.333,9,0.556,7,0,0.313,0.318,1,0.5,5.9,0.5,13.9,0.45,0,0.18,4.9,75.1,109.9
Will Barton,DEN,PF,30.36,56,31,64.6,19,12.7,121,0.785,351,0.459,257,0.381,0.507,0.538,12.7,4,7.4,3.2,14.1,0.89,0.41,1.71,7,106.8,111.4
Bol Bol,DEN,C,21.5,32,5,10.4,21.2,16.8,15,0.667,34,0.471,24,0.375,0.509,0.534,2.2,0.8,8.5,0.2,6,0.09,0.31,0.41,5.6,91.6,107
Facundo Campazzo,DEN,G,30.15,65,21.9,45.7,13.1,17.1,91,0.879,99,0.444,216,0.352,0.502,0.558,6.1,2.1,5.3,3.6,20.2,1.22,0.22,1.12,6.5,116.1,105.9
Vlatko Cancar,DEN,F,24.1,41,6.9,14.3,14.4,15.1,13,0.769,40,0.6,33,0.273,0.514,0.54,2.1,1.2,10.3,0.3,6.4,0.27,0.05,0.34,5.3,103.5,108.8
Gary Clark,DEN,F,26.5,2,2.1,4.3,0,,0,0,0,0,0,0,,,0,0.5,13.8,0,0,0,0,0,0,,
PJ Dozier,DEN,PG,24.56,50,21.8,45.4,17.2,10.9,66,0.636,205,0.493,149,0.315,0.484,0.503,7.7,3.6,9.5,1.8,11.2,0.62,0.44,0.94,6.8,103.5,107.8
Aaron Gordon,DEN,PF,25.67,25,25.9,54,17.1,11.4,44,0.705,142,0.606,64,0.266,0.541,0.564,10.2,4.7,10.3,2.2,11.8,0.68,0.56,1.16,7.3,114.6,110.3
JaMychal Green,DEN,PF,30.9,58,19.3,40.2,17.6,11.7,57,0.807,176,0.534,198,0.399,0.568,0.59,8.1,4.8,14,0.9,6.4,0.45,0.38,0.91,6.8,115.2,101.5
R.J. Hampton,DEN,SG,20.27,25,9.3,19.4,14.3,14.4,12,0.75,42,0.476,18,0.278,0.458,0.49,2.6,2,12.2,0.6,7.7,0.2,0.08,0.44,6.3,99.3,105.6
Gary Harris,DEN,SG,26.67,19,30.6,63.8,13.7,7.6,30,0.733,81,0.556,75,0.32,0.519,0.544,9.7,2.5,4.6,1.7,7.1,0.89,0.21,0.74,4.5,112,111.6
Shaquille Harrison,DEN,PG,27.61,17,16.3,33.9,11.2,8.4,16,0.813,44,0.386,14,0.214,0.371,0.431,3.3,2.3,8,0.9,7.1,0.88,0.29,0.35,4.7,96.7,102.9
Isaiah Hartenstein,DEN,C,23.03,30,9.1,18.9,18.7,18,36,0.611,80,0.513,0,0,0.513,0.543,3.5,2.8,17.7,0.5,7.4,0.37,0.67,0.7,7.5,108.6,90.1
Markus Howard,DEN,SG,22.21,37,5.5,11.5,27.2,14.1,9,0.778,41,0.537,65,0.277,0.462,0.477,2.8,0.6,5.8,0.5,12.6,0.11,0.03,0.49,6.9,89,105.6
Nikola Jokic,DEN,PF,26.24,72,34.6,72,29.6,13.1,394,0.868,1056,0.606,237,0.388,0.602,0.647,26.4,10.8,17.8,8.3,40.4,1.32,0.67,3.08,15.4,129.8,104.8
JaVale McGee,DEN,C,33.32,13,13.5,28.1,21.7,17.2,12,0.667,63,0.508,4,0,0.478,0.498,5.5,5.3,22.3,0.5,4.8,0.23,1.08,1.15,7.2,97.3,87.2
Paul Millsap,DEN,PF,36.26,56,20.8,43.2,18.6,10.3,98,0.724,258,0.55,143,0.343,0.537,0.565,9,4.7,12.7,1.8,11.6,0.91,0.64,0.91,8.2,116,104.2
Monte Morris,DEN,PG,25.89,47,25.5,53,16.5,7.5,73,0.795,253,0.534,134,0.381,0.547,0.574,10.2,2,4.6,3.2,17.1,0.72,0.28,0.72,6.3,120.9,114.1
Jamal Murray,DEN,PG,24.23,48,35.5,73.9,24.7,11.1,153,0.869,476,0.523,316,0.408,0.559,0.592,21.2,4,6.5,4.8,20.3,1.33,0.27,2.23,8.4,116.2,111.1
Zeke Nnaji,DEN,PF,20.35,41,9.5,19.8,12.8,6.1,15,0.8,44,0.591,57,0.421,0.614,0.632,3.3,1.6,9.3,0.2,3,0.17,0.1,0.17,4.3,125,109.9
Michael Porter Jr.,DEN,SF,22.88,61,31.3,65.3,21.8,8.2,134,0.791,435,0.628,382,0.445,0.646,0.663,19,7.3,13.2,1.1,5.6,0.66,0.89,1.28,6.8,124.6,108.5
Austin Rivers,DEN,PG,28.79,15,26.9,56,14.2,10.6,17,0.706,38,0.5,72,0.375,0.541,0.558,8.7,2.3,4.9,2.6,12.5,1.2,0.13,0.93,5.6,112.7,108.2
Greg Whittington,DEN,PF,28.27,4,3,6.3,10.9,0,0,0,1,0,2,0,0,0,0,0,0,0,0,0,0,0,0,,
Saddiq Bey,DET,SF,22.1,70,27.3,56.8,18.7,7.3,147,0.844,232,0.448,460,0.38,0.53,0.566,12.2,4.6,9.3,1.4,7.6,0.74,0.2,0.86,6.3,111.5,110
Tyler Cook,DET,C,23.65,28,15,31.3,14.2,15.4,35,0.486,98,0.684,2,0.5,0.685,0.667,5.5,3.4,12.4,0.5,5.6,0.29,0.07,0.75,5.6,117.2,107.8
Hamidou Diallo,DET,SG,22.8,20,23.3,48.5,21.6,11.7,68,0.662,132,0.492,41,0.39,0.514,0.549,11.2,5.4,12.8,1.2,8.3,0.5,0.6,1.35,7.2,104.5,103.6
Sekou Doumbouya,DET,SF,20.4,56,15.5,32.3,17.8,12.4,64,0.703,167,0.485,115,0.226,0.426,0.459,5.1,2.6,9.2,0.8,8,0.43,0.16,0.79,5.7,92.5,105.1
Wayne Ellington,DET,SG,33.46,46,22,45.8,16.7,8.5,35,0.8,63,0.524,275,0.422,0.612,0.625,9.6,1.8,4.7,1.5,10.2,0.39,0.2,0.72,5.4,117.8,112.5
Jerami Grant,DET,SF,27.18,54,33.9,70.6,28.5,9.1,343,0.845,603,0.473,329,0.35,0.491,0.556,22.3,4.6,7.6,2.8,14.3,0.65,1.07,2.02,7.8,108.8,110
Blake Griffin,DET,PF,32.17,20,31.3,65.2,19.6,11.4,62,0.71,98,0.429,124,0.315,0.453,0.491,12.3,5.2,9.2,3.9,18.4,0.7,0.1,1.6,8,100.9,109
Killian Hayes,DET,SG,19.81,26,25.8,53.7,19,28.5,17,0.824,129,0.395,72,0.278,0.403,0.422,6.8,2.7,5.7,5.3,29.7,1.04,0.38,3.19,7.1,81.5,107.5
Frank Jackson,DET,SG,23.04,40,18.5,38.4,21.4,9.7,75,0.813,143,0.51,150,0.407,0.561,0.598,9.8,2.2,6.5,0.9,7.9,0.38,0.03,0.88,5.8,111.5,110.2
Josh Jackson,DET,SG,24.26,62,25.2,52.4,26.5,15,218,0.729,451,0.486,257,0.3,0.472,0.515,13.4,4.1,9.1,2.3,15.1,0.85,0.76,2.29,8,96.5,103.8
Cory Joseph,DET,PG,29.74,19,26.4,55,19.8,14.9,41,0.878,138,0.543,38,0.368,0.545,0.588,12,3.2,6.6,5.5,33.7,1.21,0.47,1.79,9,117.5,107.4
Saben Lee,DET,PG,21.9,48,16.3,33.9,17,18.1,89,0.685,187,0.487,23,0.348,0.49,0.536,5.6,2,6.9,3.6,33.2,0.67,0.27,1.15,8.4,111.5,106
Rodney McGruder,DET,PG,29.8,16,12.1,25.2,18.2,8.7,8,0.75,46,0.565,24,0.458,0.607,0.619,5.7,1.4,6.3,1,13.6,0.5,0.06,0.44,6.6,120.1,110.6
Svi Mykhailiuk,DET,SG,23.93,36,17.6,36.7,19,14.2,30,0.8,52,0.519,171,0.333,0.504,0.527,6.9,2.1,6.5,1.6,13.5,0.75,0.17,1.08,6.5,99.4,110.9
Jahlil Okafor,DET,C,25.42,27,12.9,26.8,16.7,15.8,24,0.708,92,0.663,9,0.222,0.634,0.65,5.4,2.4,10.4,0.5,6.1,0.22,0.19,0.78,5.8,113.7,105.2
Mason Plumlee,DET,PF,31.2,56,26.8,55.8,16.3,18.8,169,0.669,373,0.627,7,0,0.616,0.639,10.4,9.3,19.3,3.6,21,0.77,0.89,1.88,10.5,122.2,99.7
Derrick Rose,DET,PG,32.61,15,22.8,47.4,30.1,12.3,50,0.84,145,0.455,39,0.333,0.465,0.517,14.2,1.9,4.7,4.2,32.5,1.2,0.27,1.93,8.5,103.8,111.4
Deividas Sirvydis,DET,SF,20.93,20,6.7,13.9,15.6,10.5,6,0.5,12,0.333,28,0.357,0.475,0.481,2.1,1.5,12.1,0.3,5.4,0.1,0,0.25,5.9,90,107.7
Dennis Smith Jr.,DET,PG,23.47,20,19.6,40.9,18.8,14.8,20,0.7,80,0.463,55,0.345,0.485,0.504,7.3,2.7,7.5,3.7,28.8,1,0.7,1.25,8.5,106,106.6
Isaiah Stewart,DET,PF,19.99,68,21.4,44.6,15.5,13,92,0.696,346,0.592,63,0.333,0.578,0.597,7.9,6.7,17.3,0.9,6.3,0.56,1.26,0.99,6.8,117,100.8
Delon Wright,DET,PG,29.06,36,29.2,60.9,15.8,12.6,90,0.789,204,0.515,89,0.348,0.517,0.562,10.4,4.6,8.7,5,25.7,1.58,0.53,1.33,8.5,119.1,110.5
Kent Bazemore,GSW,SG,31.88,67,19.9,41.5,16.3,16.1,78,0.692,208,0.486,184,0.408,0.545,0.564,7.2,3.4,9.1,1.6,11.1,1.03,0.49,1.22,6.8,101.3,100.5
Jordan Bell,GSW,PF,26.36,1,14.7,30.6,11.3,25.8,2,0.5,2,0,0,0,0,0.174,1,5,18.1,2,15.8,0,2,1,5.9,69.9,97.8
Marquese Chriss,GSW,C,23.87,2,13.4,27.8,28.4,11.3,4,0.5,9,0.444,5,0.2,0.393,0.412,6.5,6.5,25.9,1,11.2,0,1,1,10.4,87.7,97.5
Stephen Curry,GSW,PG,33.17,63,34.2,71.1,34.8,12.2,395,0.916,564,0.569,801,0.421,0.605,0.655,32,5.5,8.6,5.8,30.5,1.21,0.13,3.38,11.8,118.8,108.6
Draymond Green,GSW,PF,31.2,63,31.5,65.5,13.1,31,88,0.795,254,0.535,126,0.27,0.492,0.53,7,7.1,12.1,8.9,36.5,1.7,0.83,2.98,9.7,109.8,101.2
Damion Lee,GSW,SG,28.57,57,18.9,39.4,12.8,9.3,44,0.909,80,0.638,194,0.397,0.608,0.636,6.5,3.2,8.9,1.3,9.1,0.67,0.14,0.53,6.4,121.1,105.6
Kevon Looney,GSW,C,25.27,61,19,39.6,9.4,14.5,48,0.646,180,0.578,17,0.235,0.558,0.575,4.1,5.3,14.7,1.9,13.3,0.36,0.36,0.61,7.3,129.7,101.9
Nico Mannion,GSW,PG,20.18,30,12.1,25.3,18.5,20.3,28,0.821,53,0.321,60,0.367,0.442,0.491,4.1,1.5,6.7,2.3,25.6,0.53,0.03,1.07,8,98.2,106.5
Mychal Mulder,GSW,SG,26.93,60,12.8,26.6,16.2,5.5,22,0.636,51,0.667,214,0.397,0.609,0.613,5.6,1,4.2,0.4,4.8,0.2,0.2,0.27,4.1,112.9,110.1
Kelly Oubre Jr.,GSW,SF,25.44,55,30.7,63.9,22.1,8,177,0.695,439,0.519,285,0.316,0.501,0.529,15.4,6,10.4,1.3,6.5,1.04,0.76,1.27,6.4,103.3,106.8
Eric Paschall,GSW,C,24.53,40,17.4,36.2,23.5,11.2,94,0.713,244,0.533,54,0.333,0.527,0.561,9.5,3.2,9.8,1.3,11.4,0.3,0.18,1.08,7.8,105.6,105.1
Gary Payton II,GSW,PG,28.46,10,4,8.4,16.7,6.3,4,0.75,9,0.889,4,0.5,0.846,0.847,2.5,1.1,14.5,0.1,4,0.6,0.1,0.1,6.5,152.6,83.7
Jordan Poole,GSW,SG,21.91,51,19.4,40.4,25,8.8,119,0.882,198,0.545,276,0.351,0.535,0.581,12,1.8,5,1.9,15.4,0.51,0.18,1,7.1,111.2,107.7
Alen Smailagic,GSW,SF,20.74,15,5.6,11.6,17.7,14.4,6,0.333,17,0.412,10,0.4,0.481,0.472,1.9,1.1,10.2,0.3,6.6,0.2,0.33,0.33,6.1,92,100.9
Juan Toscano-Anderson,GSW,SF,28.1,53,20.9,43.5,11,21.8,31,0.71,117,0.718,92,0.402,0.667,0.676,5.7,4.4,11.2,2.8,18.1,0.77,0.49,1.17,7.9,120.7,102.4
Brad Wanamaker,GSW,SG,31.81,39,16,33.4,16,15.8,56,0.893,112,0.429,61,0.213,0.39,0.468,4.7,1.7,5.6,2.5,20.8,0.67,0.15,0.95,6.8,99.5,106.2
Andrew Wiggins,GSW,SF,26.23,71,33.3,69.4,23.3,9.7,238,0.714,690,0.529,368,0.38,0.543,0.568,18.6,4.9,7.8,2.4,10.9,0.93,0.99,1.76,7.2,107.4,108.7
James Wiseman,GSW,C,20.13,39,21.4,44.7,23.8,12.9,86,0.628,330,0.542,38,0.316,0.535,0.552,11.5,5.8,14.4,0.7,4.9,0.28,0.92,1.54,6.7,99.5,98.3
D.J. Augustin,HOU,PG,33.52,20,20.8,43.4,21,15.1,54,0.907,63,0.476,88,0.386,0.536,0.604,10.6,2.2,5.6,3.9,28.3,0.4,0,1.55,8.6,118.2,115.2
Avery Bradley,HOU,PG,30.47,17,23,47.9,13.8,15,6,0.833,42,0.381,63,0.27,0.395,0.409,5.2,2.3,5.3,1.9,11.2,0.82,0.18,1.12,4.9,83.7,112.1
Armoni Brooks,HOU,SG,22.95,20,26,54.2,17.9,10,12,0.583,35,0.514,157,0.382,0.563,0.565,11.2,3.4,7,1.5,8.6,0.6,0.25,1.1,5.9,105.1,113.1
Sterling Brown,HOU,SG,26.26,51,24.1,50.2,13.5,10.5,31,0.806,119,0.496,215,0.423,0.585,0.598,8.2,4.4,9.7,1.4,8.4,0.75,0.24,0.8,6.1,114.1,110.1
Bruno Caboclo,HOU,SF,25.65,6,6.1,12.6,25.6,18.3,2,0.5,12,0.667,5,0,0.471,0.475,2.8,2.3,20.5,0.2,4.6,0,0.33,0.67,7.1,83.1,98.6
DeMarcus Cousins,HOU,PF,30.76,25,20.2,42.2,23.1,14.2,59,0.746,94,0.426,116,0.336,0.469,0.511,9.6,7.6,20.1,2.4,18,0.84,0.72,1.56,11.1,101.7,97.7
Eric Gordon,HOU,SG,32.39,27,29.2,60.9,25.2,10.9,114,0.825,157,0.573,210,0.329,0.527,0.577,17.8,2.1,3.9,2.6,14.6,0.52,0.48,1.89,6.3,108.4,115.8
James Harden,HOU,SG,31.72,8,36.3,75.5,28.7,17.4,60,0.883,63,0.556,72,0.347,0.537,0.613,24.8,5.1,7.5,10.4,46.9,0.88,0.75,4.25,12.1,118.8,114.6
Danuel House Jr.,HOU,SG,27.94,36,25.9,54,15.3,10.7,63,0.651,116,0.483,156,0.346,0.504,0.525,8.8,3.7,7.5,1.9,10.6,0.58,0.44,1,6.1,103.7,112.2
DaQuan Jeffries,HOU,SG,23.71,13,20.1,41.8,11.3,8.6,1,1,24,0.625,39,0.282,0.5,0.504,4.9,3.2,8.6,1.2,8.6,0.62,0.46,0.46,5.3,106.5,109
Mason Jones,HOU,PG,22.82,26,11.8,24.6,23.1,16.8,57,0.614,50,0.48,64,0.359,0.513,0.546,5.8,2,8.8,1.5,19.1,0.23,0.04,1.08,8.8,100.7,111.6
Rodions Kurucs,HOU,PF,23.28,11,6.8,14.2,17.5,29.1,2,0.5,6,0.5,15,0.133,0.286,0.297,1.2,1,7.8,0.4,7.1,0.55,0.36,0.82,4.6,53,106.3
Anthony Lamb,HOU,PF,23.32,24,17.3,36,15,13,21,0.857,47,0.489,71,0.324,0.487,0.523,5.5,2.9,9,1,7.8,0.25,0.21,0.79,5.8,104.9,112.1
Kenyon Martin Jr.,HOU,SF,20.36,45,23.7,49.4,15.7,9.7,84,0.714,222,0.572,96,0.365,0.564,0.59,9.3,5.4,12.1,1.1,6.8,0.67,0.91,0.84,6.4,116.7,109.6
Ben McLemore,HOU,SG,28.26,32,16.8,35,21.1,10.5,32,0.719,58,0.431,166,0.331,0.48,0.5,7.4,2.1,6.6,0.9,7.8,0.63,0.09,0.88,5.7,94.8,109.3
David Nwaba,HOU,SG,28.34,30,22.6,47.1,16.5,6.4,68,0.691,154,0.578,63,0.27,0.528,0.559,9.2,3.9,9.3,1,6.9,1,0.7,0.57,5.8,115.1,109.2
Victor Oladipo,HOU,SG,29.03,20,33.5,69.7,29.8,10.9,83,0.783,228,0.465,153,0.32,0.471,0.508,21.2,4.8,7.6,5,25.3,1.2,0.5,2.55,9.5,100.3,111.6
Cameron Oliver,HOU,C,20,4,21.9,45.5,18.4,7.9,4,0.25,20,0.75,13,0.308,0.636,0.619,10.8,5.3,12.8,1.3,9.5,0.5,1,0.75,7.7,117.4,104.6
Kelly Olynyk,HOU,C,30.08,27,31.1,64.8,22.9,15.7,135,0.844,196,0.643,125,0.392,0.621,0.674,19,8.4,14.5,4.1,21.9,1.44,0.59,2.63,11.2,123.1,105
Justin Patton,HOU,C,23.92,13,19,39.5,13.1,5.3,4,0.75,36,0.556,34,0.265,0.479,0.488,5.4,3.8,10.6,1.1,8.1,0.92,1.08,0.31,5.9,108,102.8
Kevin Porter Jr.,HOU,SG,21.03,26,32.1,66.9,25.4,18.2,94,0.734,206,0.515,161,0.311,0.493,0.528,16.6,3.8,6.3,6.3,31.2,0.73,0.31,3.5,9.2,100.7,112.8
Cameron Reynolds,HOU,SF,26.27,2,17.2,35.7,19.8,0,0,0,4,0.5,12,0.25,0.406,0.406,6.5,2.5,7.8,1,8.7,0,0,0,5.9,95,116
Ray Spalding,HOU,PF,24.18,2,9.4,19.5,17.9,38.1,2,0,3,0.667,1,0,0.5,0.41,2,2,11.4,0,0,0,1,1.5,0,60.2,104.1
Jae'Sean Tate,HOU,SF,25.55,70,29.2,60.8,16.4,12.5,147,0.694,431,0.594,195,0.308,0.553,0.575,11.3,5.3,9.8,2.5,13.2,1.21,0.51,1.41,7.3,113.9,107.1
Brodric Thomas,HOU,SG,24.3,4,6.1,12.6,24.7,28.4,7,0.714,1,1,6,0.167,0.357,0.496,2.5,1,8.8,1,22.5,0.25,0.25,1,8.9,88.4,96.3
Khyri Thomas,HOU,SG,25.02,5,30.6,63.7,21.1,7.9,9,1,39,0.59,27,0.333,0.553,0.586,16.4,3.6,6.3,5,26.9,1.8,1.2,1.2,8.7,122.8,113.3
P.J. Tucker,HOU,PF,36.03,32,30,62.4,7.7,19,23,0.783,45,0.467,86,0.314,0.469,0.5,4.4,4.6,8.2,1.4,6.1,0.88,0.56,1.03,4.1,99,109.3
John Wall,HOU,PG,30.69,40,32.2,67.1,31.7,14.7,211,0.749,477,0.449,249,0.317,0.458,0.503,20.6,3.2,5.3,6.9,36.2,1.05,0.78,3.53,9.6,99.3,116.4
D.J. Wilson,HOU,PF,25.24,23,14.3,29.7,19.9,11.8,23,0.696,66,0.485,59,0.339,0.496,0.518,6.1,3.8,14.1,0.9,9.3,0.43,0.52,0.78,7.7,100.6,106.8
Christian Wood,HOU,PF,25.64,41,32.3,67.4,25.9,9.9,198,0.631,434,0.581,206,0.374,0.574,0.591,21,9.6,15.9,1.7,9.4,0.83,1.17,1.95,8.7,110.5,109.4
Goga Bitadze,IND,C,21.83,45,12.5,26,18,7.1,61,0.738,115,0.548,79,0.253,0.479,0.523,5.1,3.3,14.5,0.8,8.9,0.2,1.33,0.38,7.6,115.3,99.4
Brian Bowen II,IND,SF,22.62,5,2.8,5.9,13.4,0,1,1,3,0.333,1,0,0.25,0.338,0.6,0.6,11.5,0,0,0,0,0,0,,
Amida Brimah,IND,C,27.26,5,5.9,12.2,19.4,30,3,1,8,0.625,0,0,0.625,0.697,2.6,1.6,14.8,0.2,4.7,0,1,0.8,6.4,101,102.1
Oshae Brissett,IND,PF,22.91,21,24.7,51.5,15.6,5.3,65,0.769,73,0.548,78,0.423,0.593,0.638,10.9,5.5,12,0.9,4.6,0.9,0.95,0.48,6.1,129.2,109.6
Malcolm Brogdon,IND,PG,28.43,56,34.5,71.8,25.9,9.8,177,0.864,606,0.493,374,0.388,0.527,0.561,21.2,5.3,8.3,5.9,25.7,0.88,0.27,2.05,10.1,113,112.1
Aaron Holiday,IND,PG,24.63,66,17.8,37.1,19.5,12.3,83,0.819,254,0.406,182,0.368,0.467,0.503,7.2,1.3,4.1,1.9,14.1,0.7,0.2,1,5.9,98.6,110.7
Justin Holiday,IND,SG,32.12,72,30.3,63.2,14,7.5,85,0.788,172,0.494,453,0.382,0.551,0.571,10.5,3.6,6.4,1.7,7.1,1.03,0.57,0.75,5.3,111.3,111.7
Jeremy Lamb,IND,SG,28.96,36,21.3,44.3,18.4,6.6,75,0.947,148,0.459,128,0.406,0.529,0.587,10.1,3.6,9.3,1.5,9.4,0.94,0.64,0.61,7.1,118.8,106.5
Jalen Lecque,IND,G,20.92,4,3,6.3,36.3,0,3,1,8,0.125,1,0,0.111,0.242,1.3,1.3,22.4,0.5,20.4,0,0,0,12.6,,
Caris LeVert,IND,PG,26.73,35,32.9,68.6,27.9,10.1,146,0.822,419,0.501,195,0.318,0.493,0.535,20.7,4.6,7.6,4.9,22.8,1.51,0.69,2.17,9.4,106.4,109.2
Kelan Martin,IND,SF,25.79,35,9.2,19.2,20.9,10.1,10,0.9,78,0.487,60,0.4,0.536,0.551,4.5,2.2,13.1,0.5,7.5,0.29,0.29,0.46,7.4,105.2,104.3
T.J. McConnell,IND,PG,29.14,69,26,54.2,15.3,20.9,48,0.688,442,0.586,48,0.313,0.574,0.583,8.6,3.7,7.7,6.6,34.3,1.86,0.33,1.96,9.1,116.9,109.2
Doug McDermott,IND,PF,29.37,66,24.5,51.1,20,7,98,0.816,379,0.641,286,0.388,0.616,0.635,13.6,3.3,7.4,1.3,7.8,0.3,0.09,0.8,6.3,120.8,111.9
Victor Oladipo,IND,SG,29.03,9,33.3,69.3,26.5,9.7,37,0.73,83,0.47,69,0.362,0.503,0.535,20,5.7,9.2,4.2,18.7,1.67,0.22,2,9.4,104.1,107.3
Domantas Sabonis,IND,C,25.04,62,36,75,24.1,16.9,328,0.732,742,0.582,162,0.321,0.564,0.601,20.3,12,18,6.7,27.5,1.23,0.53,3.44,13.1,115.1,103.7
JaKarr Sampson,IND,SF,28.16,29,10.9,22.7,18.9,10.7,29,0.655,98,0.541,15,0.2,0.509,0.533,4.6,2.7,13.2,0.1,1.8,0.07,0.48,0.52,3.9,103.7,100.5
Cassius Stanley,IND,SG,21.75,24,3.9,8.1,21.9,2.1,9,0.778,30,0.333,13,0.231,0.337,0.383,1.5,0.8,11.6,0,1.4,0.04,0.08,0.04,0,,
Edmond Sumner,IND,PG,25.38,53,16.2,33.9,18.3,13.8,83,0.819,194,0.582,88,0.398,0.587,0.626,7.5,1.8,5.9,0.9,7.9,0.62,0.19,0.96,5.7,111.3,107.5
Myles Turner,IND,C,25.15,47,31,64.5,16.4,11.9,142,0.782,226,0.606,206,0.335,0.557,0.599,12.6,6.5,11.4,1,4.4,0.85,3.38,1.43,5.6,111.4,104.4
T.J. Warren,IND,SF,27.7,4,29.4,61.1,21.5,6.7,10,0.8,44,0.614,7,0,0.529,0.56,15.5,3.5,6.5,1.3,6.4,0.5,0,1,5.6,107,104.7
Nicolas Batum,LAC,PF,32.42,67,27.4,57.1,11.8,10.8,58,0.828,141,0.574,271,0.406,0.597,0.617,8.1,4.7,9.7,2.2,10.5,1.03,0.55,0.79,6.4,124.1,107.9
Patrick Beverley,LAC,PG,32.84,37,22.5,46.9,14.6,12.4,45,0.8,79,0.468,141,0.397,0.55,0.58,7.5,3.2,8,2.1,12,0.76,0.76,0.92,6.6,117.2,100.7
Amir Coffey,LAC,SG,23.92,44,9,18.7,15.1,11.1,38,0.711,47,0.468,56,0.411,0.549,0.585,3.2,1,6.3,0.5,7.4,0.23,0,0.34,5.2,114.5,108
DeMarcus Cousins,LAC,C,30.76,16,12.9,26.9,27.8,19.3,22,0.682,76,0.566,19,0.421,0.579,0.597,7.8,4.5,19.6,1,12.4,0.81,0.38,1.56,10.2,106.1,92
Yogi Ferrell,LAC,PG,28.02,8,12.1,25.1,17.9,0,7,1,17,0.353,19,0.316,0.417,0.473,4.6,1.5,7,2.1,23.6,0.5,0.25,0,8.1,121.7,106.8
Malik Fitts,LAC,PF,20,3,3.6,7.5,12.3,0,0,0,1,0,2,0.5,0.5,0.5,1,1,15.6,0,0,0,0,0,0,,
Paul George,LAC,SF,31.04,54,33.7,70.3,30,14.5,228,0.868,537,0.51,416,0.411,0.557,0.598,23.3,6.6,11.1,5.2,24.6,1.15,0.44,3.31,11,112.7,105.6
Serge Ibaka,LAC,PF,31.66,41,23.3,48.5,20.1,10.2,53,0.811,250,0.588,115,0.339,0.563,0.585,11.1,6.7,16.2,1.8,11.5,0.22,1.15,1.07,8.8,118.4,105.3
Reggie Jackson,LAC,SG,31.09,67,23,48,20,10.6,82,0.817,303,0.465,282,0.433,0.554,0.576,10.7,2.9,7,3.1,19,0.63,0.1,1.1,8,116.1,106.6
Mfiondu Kabengele,LAC,PF,23.76,23,4.1,8.5,19.2,14.8,6,0.833,14,0.357,18,0.222,0.344,0.39,1.2,0.6,8.4,0.2,6.9,0.09,0.13,0.26,5.1,77.3,93.7
Luke Kennard,LAC,SG,24.89,63,19.6,40.8,17.1,10.1,31,0.839,190,0.511,224,0.446,0.597,0.608,8.3,2.6,7.3,1.7,11.9,0.35,0.14,0.76,6.8,117.2,107.9
Kawhi Leonard,LAC,SF,29.88,52,34.1,71,28.6,9.2,295,0.885,654,0.557,254,0.398,0.568,0.622,24.8,6.5,10.7,5.2,24.9,1.56,0.4,2.02,11.1,125.4,108.1
Terance Mann,LAC,SG,24.58,67,18.9,39.3,15.1,9.3,94,0.83,259,0.541,91,0.418,0.563,0.603,7,3.6,10.8,1.6,11.3,0.45,0.19,0.6,7.3,124.6,103.8
Marcus Morris Sr.,LAC,PF,31.7,57,26.3,54.9,20.1,8.4,89,0.82,288,0.472,296,0.473,0.592,0.614,13.4,4.1,8.8,1,5.6,0.6,0.26,1,5.8,116.4,106.8
Daniel Oturu,LAC,C,21.66,30,5.4,11.2,18.3,13.6,12,0.75,47,0.447,5,0.2,0.433,0.471,1.8,1.6,16.8,0.3,8.5,0.17,0.23,0.3,7.1,105.5,97.1
Patrick Patterson,LAC,PF,32.18,38,15.3,31.9,14,6,17,0.765,53,0.604,112,0.357,0.558,0.571,5.2,2,7.3,0.8,6.7,0.37,0.21,0.29,5.3,118.5,107.7
Rajon Rondo,LAC,SG,35.23,18,20.4,42.6,18.3,26.4,15,1,61,0.525,44,0.432,0.576,0.609,7.6,3.1,8.4,5.8,38.6,0.94,0.11,2.22,10.1,118,105.9
Jay Scrubb,LAC,SG,20.71,4,21.1,43.9,23.8,15.5,5,1,27,0.444,9,0.222,0.417,0.458,8.8,3.5,9.3,0.3,1.7,1,0,1.75,4,81.6,107
Lou Williams,LAC,PG,34.55,42,21.9,45.5,26.5,12,119,0.866,311,0.437,119,0.378,0.473,0.529,12.1,2.1,5.4,3.4,23.3,0.93,0.1,1.57,8.1,107.9,110.5
Ivica Zubac,LAC,C,24.16,72,22.3,46.5,15.2,14.7,171,0.789,390,0.656,4,0.25,0.654,0.693,9,7.2,18.1,1.3,7.9,0.33,0.86,1.13,7.9,134.5,101
Kostas Antetokounmpo,LAL,PF,23.49,15,3.7,7.8,20.8,41.2,13,0.462,10,0.3,0,0,0.3,0.382,0.8,1.3,19.1,0.1,2.3,0.13,0.27,0.73,5.1,,
Devontae Cacok,LAL,PF,24.6,20,4.9,10.2,16.9,10.6,11,0.455,29,0.586,0,0,0.586,0.576,2,1.6,17.8,0.1,1.5,0.25,0.2,0.2,5.6,112.8,98.8
Kentavious Caldwell-Pope,LAL,G,28.24,67,28.4,59.1,14.2,10.9,112,0.866,211,0.464,293,0.41,0.552,0.59,9.7,2.7,5.3,1.9,9.2,0.93,0.39,1.01,5.2,113.9,105.5
Alex Caruso,LAL,PG,27.21,58,21,43.7,14.8,18.3,76,0.645,168,0.464,137,0.401,0.526,0.547,6.4,2.9,7.8,2.8,18.1,1.1,0.26,1.31,7.1,105.9,100.3
Quinn Cook,LAL,PG,28.15,16,3.9,8.1,21.8,9.6,5,0.8,13,0.538,13,0.385,0.558,0.585,2.1,0.3,4.5,0.3,12.5,0.06,0.06,0.19,5.9,,
Anthony Davis,LAL,C,28.18,36,32.3,67.2,29.2,9.5,214,0.738,513,0.536,100,0.26,0.512,0.556,21.8,7.9,13.8,3.1,16.4,1.25,1.64,2.06,10,110,103.1
Andre Drummond,LAL,C,27.77,21,24.8,51.6,22.5,16,76,0.605,192,0.531,0,0,0.531,0.554,11.9,10.2,23.1,1.4,9,1.1,0.95,2.05,8.9,106.1,89.5
Jared Dudley,LAL,PF,35.85,12,6.7,14,5.9,18.2,0,0,3,0,6,0.333,0.333,0.333,0.5,1.8,14.6,0.4,7.6,0.08,0.08,0.17,4.2,93.2,100.7
Marc Gasol,LAL,C,36.3,52,19.1,39.8,11.8,19.7,50,0.72,72,0.528,122,0.41,0.582,0.606,5,4.1,12.1,2.1,14.6,0.5,1.12,1.02,7.3,114.5,97.4
Montrezl Harrell,LAL,C,27.3,69,22.9,47.7,21.7,9.4,256,0.707,593,0.632,10,0,0.622,0.65,13.5,6.2,15.2,1.1,7.7,0.67,0.71,1.07,7.9,126.4,101.2
Talen Horton-Tucker,LAL,SG,20.47,65,20.1,41.8,21.7,16.3,129,0.775,357,0.524,131,0.282,0.497,0.537,9,2.6,7.3,2.8,20.8,0.97,0.32,1.63,8,102.6,99.7
LeBron James,LAL,PF,36.38,45,33.4,69.6,31.9,15.2,255,0.698,537,0.592,285,0.365,0.577,0.603,25,7.7,12.9,7.8,41.8,1.07,0.56,3.73,13.7,113.8,103.8
Damian Jones,LAL,C,25.88,8,14,29.1,10.6,18.3,12,0.917,17,0.941,0,0,0.941,0.965,5.4,3.3,13,0.1,1.3,0.13,0.88,0.63,3.5,157.6,90.2
Kyle Kuzma,LAL,PF,25.81,68,28.7,59.9,20.3,12.4,97,0.691,377,0.525,380,0.361,0.533,0.546,12.9,6.1,12,1.9,9.8,0.5,0.6,1.66,7.4,104.8,104.3
Wesley Matthews,LAL,SG,34.59,58,19.5,40.6,11.4,8.8,41,0.854,55,0.418,197,0.335,0.484,0.517,4.8,1.6,4.7,0.9,6.3,0.64,0.28,0.45,3.9,105.9,104.7
Alfonzo McKinnie,LAL,PF,28.66,39,6.6,13.8,17.9,4.7,18,0.556,54,0.593,39,0.41,0.602,0.604,3.1,1.4,11.7,0.2,3.6,0.18,0,0.13,5.8,122.4,100.4
Ben McLemore,LAL,SG,28.26,21,17.5,36.5,19.5,9.1,21,0.762,27,0.481,114,0.368,0.539,0.559,8,1.6,5.2,0.5,4.3,0.14,0.29,0.71,4.2,104,102.7
Markieff Morris,LAL,PF,31.7,61,19.7,41,16.5,11.9,50,0.72,169,0.521,209,0.311,0.491,0.509,6.7,4.4,12.4,1.2,8.6,0.36,0.31,0.89,6.7,100.8,101
Dennis Schroder,LAL,PG,27.67,61,32.1,66.8,22.9,15.8,243,0.848,548,0.476,212,0.335,0.484,0.543,15.4,3.5,6,5.8,26.9,1.16,0.21,2.67,8.5,107.1,102.7
Grayson Allen,MEM,SG,25.61,50,25.2,52.5,16.8,9.6,91,0.868,140,0.471,274,0.391,0.547,0.586,10.6,3.2,6.7,2.2,11.5,0.92,0.16,0.96,6.7,115.3,109.9
Kyle Anderson,MEM,SF,27.66,69,27.4,57,18.5,10.4,184,0.783,397,0.539,261,0.36,0.54,0.578,12.4,5.7,11.1,3.6,18.3,1.22,0.83,1.25,9.3,117.2,106.7
Desmond Bane,MEM,SG,22.89,68,22.3,46.5,16.1,10.2,49,0.816,228,0.513,271,0.432,0.586,0.6,9.2,3.1,7.3,1.7,10.6,0.62,0.24,0.87,6.5,114.7,107.5
Dillon Brooks,MEM,SG,25.32,67,29.8,62.1,26.1,9.6,195,0.815,659,0.461,372,0.344,0.481,0.515,17.2,2.9,5.2,2.3,11.7,1.16,0.39,1.78,6.5,101.2,104
Brandon Clarke,MEM,PF,24.66,59,24,50,17.3,5.7,113,0.69,418,0.565,77,0.26,0.537,0.56,10.3,5.6,12.3,1.6,9.5,1.03,0.86,0.56,7.5,118.6,107.7
Gorgui Dieng,MEM,C,31.33,22,16.9,35.2,16.9,14.8,43,0.884,60,0.55,48,0.479,0.625,0.682,7.9,4.5,14,1.3,10.6,0.77,0.64,1,8.5,126.8,102.2
Tim Frazier,MEM,PG,30.54,5,12.4,25.8,18.2,15,6,0.333,12,0.25,8,0,0.15,0.177,1.6,1.6,6.8,3.2,30.8,0.4,0.2,0.8,6.5,63,103.5
Jaren Jackson Jr.,MEM,PF,21.67,11,23.5,48.9,25.9,9.5,42,0.833,65,0.554,60,0.283,0.492,0.551,14.4,5.6,12.7,1.1,6.8,1.09,1.64,1.36,7.6,108.5,95.8
Tyus Jones,MEM,PG,25.02,70,17.5,36.4,16.6,10,45,0.911,273,0.487,140,0.321,0.485,0.511,6.3,2,6.1,3.7,28.6,0.9,0.09,0.69,8.2,114.7,112.8
John Konchar,MEM,SG,25.15,43,13.4,27.9,12.4,10.6,30,0.833,82,0.585,56,0.375,0.576,0.608,4.3,3,11.8,1.1,10.7,0.7,0.21,0.42,7.2,124.5,106.1
Sean McDermott,MEM,SF,24.53,18,8.8,18.3,10.9,9.9,8,1,11,0.727,22,0.227,0.47,0.534,2.2,1.1,6.4,0.2,3.2,0.11,0.17,0.22,3.6,108.9,112.8
De'Anthony Melton,MEM,PG,22.97,52,20.1,41.9,19.5,13.7,51,0.804,182,0.467,211,0.412,0.548,0.568,9.1,3.1,8.2,2.5,17.5,1.13,0.6,1.27,8.2,109.2,105.5
Ja Morant,MEM,PG,21.77,63,32.6,67.9,27.2,15.3,372,0.728,716,0.499,241,0.303,0.487,0.537,19.1,4,6.5,7.4,33.5,0.9,0.21,3.22,10.1,107.6,112.5
Jontay Porter,MEM,PF,21.5,11,4.9,10.2,18.9,28.9,5,0.6,7,0.714,8,0.375,0.633,0.64,2,1.3,13.7,0.1,2.5,0.27,0.09,0.64,5.2,92.2,88.5
Killian Tillie,MEM,C,23.2,18,10.1,21,14.8,3.1,11,0.818,24,0.375,33,0.303,0.421,0.461,3.2,1.3,7,0.4,5.6,0.28,0.44,0.11,4.7,103.4,104.9
Xavier Tillman,MEM,PF,22.34,59,18.4,38.3,14.3,12.3,53,0.642,234,0.62,65,0.338,0.595,0.605,6.6,4.3,12.5,1.3,9.4,0.75,0.56,0.76,7.2,117.9,102.6
Jonas Valanciunas,MEM,C,29.03,62,28.3,59,22.4,10.7,203,0.773,685,0.612,57,0.368,0.607,0.636,17.1,12.5,23.4,1.8,10,0.56,0.92,1.61,10.3,124.9,101
Justise Winslow,MEM,PG,25.14,26,19.5,40.6,21.9,14.1,35,0.571,156,0.41,54,0.185,0.376,0.395,6.8,4.5,12.3,1.9,13.3,0.58,0.46,1.42,7.9,81.8,104.1
Precious Achiuwa,MIA,F,21.66,61,12.1,25.2,19.5,13.5,110,0.509,227,0.546,1,0,0.544,0.55,5,3.4,16.1,0.5,6.1,0.33,0.46,0.7,6.7,106.8,99.7
Bam Adebayo,MIA,C,23.83,64,33.5,69.7,23.7,15,354,0.799,792,0.573,8,0.25,0.571,0.626,18.7,9,15.3,5.4,26.9,1.17,1.03,2.64,11.6,121.7,105
Trevor Ariza,MIA,SF,35.88,30,28,58.4,15.1,7.5,44,0.773,98,0.5,143,0.35,0.515,0.542,9.4,4.8,9.8,1.8,9.4,1,0.6,0.7,6.2,111,107.1
Nemanja Bjelica,MIA,SF,33.02,11,14.2,29.6,15.9,9.1,9,0.556,19,0.526,27,0.37,0.543,0.55,5,2.5,9.9,1.8,18.7,0.64,0.27,0.45,8,116,99.2
Avery Bradley,MIA,PG,30.47,10,21.1,43.9,16.9,11.4,9,0.778,28,0.536,38,0.421,0.591,0.607,8.5,1.8,4.9,1.4,10,0.7,0.1,0.9,5.3,110.3,102.4
Jimmy Butler,MIA,SG,31.67,52,33.6,69.9,26.6,10.6,416,0.863,634,0.538,102,0.245,0.514,0.607,21.5,6.9,11.8,7.1,35.1,2.08,0.35,2.1,12.1,127,107.8
Dewayne Dedmon,MIA,C,31.76,16,13.2,27.4,19.3,14.5,27,0.741,60,0.75,5,0.2,0.715,0.735,7.1,5.4,23.4,0.8,9.6,0.56,0.38,0.81,9.5,134.8,90.5
Goran Dragic,MIA,PG,35.03,50,26.7,55.7,24.5,16.4,122,0.828,310,0.481,244,0.373,0.515,0.553,13.4,3.3,7.2,4.4,25.9,0.66,0.14,2.38,8.7,104.2,106.6
Maurice Harkless,MIA,SF,28.02,11,11.2,23.4,6.2,17.8,2,0,2,0,11,0.455,0.577,0.54,1.4,1.2,6,0.6,7.3,0.18,0.36,0.27,3.6,105,104.3
Udonis Haslem,MIA,PF,40.94,1,2.7,5.6,33.4,0,0,0,2,1,0,0,1,1,4,1,21.2,0,0,0,0,0,0,,
Tyler Herro,MIA,SG,21.32,54,30.3,63.1,23.5,11.9,117,0.803,402,0.498,297,0.36,0.516,0.543,15.1,4.9,9.3,3.4,18,0.65,0.31,1.87,8.3,103.6,110.3
Andre Iguodala,MIA,SG,37.3,63,21.3,44.3,11.2,20.2,38,0.658,66,0.53,182,0.33,0.504,0.519,4.4,3.5,9.4,2.3,14.3,0.92,0.52,1.06,6.2,102.6,106.4
Meyers Leonard,MIA,C,29.22,3,9.8,20.4,15.2,20.2,2,0.5,0,0,7,0.429,0.643,0.635,3.3,2.3,13.6,0.7,9.6,0,0,0.67,7.1,101.3,94.6
Kendrick Nunn,MIA,SG,25.79,56,29.5,61.4,20.9,10.5,60,0.933,338,0.583,320,0.381,0.578,0.596,14.6,3.2,6.2,2.6,14.5,0.96,0.25,1.43,6.7,110.6,108.5
KZ Okpala,MIA,SF,22.05,37,12.1,25.2,11.9,12.8,15,0.533,46,0.522,50,0.24,0.438,0.448,2.5,1.8,8.7,0.5,5.8,0.27,0.3,0.41,4.3,94,101.3
Victor Oladipo,MIA,SG,29.03,4,27.8,57.9,26.3,21.6,18,0.667,26,0.462,17,0.235,0.419,0.471,12,3.5,7.2,3.5,18.8,1.75,0.5,3.5,7.6,85.9,100.5
Kelly Olynyk,MIA,C,30.08,43,26.9,56,17.5,12.3,40,0.775,134,0.634,242,0.318,0.533,0.549,10,6.1,12.9,2.1,11.7,0.93,0.6,1.28,7.5,105.6,101
Duncan Robinson,MIA,PF,27.07,72,31.4,65.4,16.6,9.7,75,0.827,104,0.625,613,0.408,0.614,0.628,13.1,3.5,6.3,1.8,8.3,0.6,0.28,1.13,5.5,112.8,107.4
Chris Silva,MIA,PF,24.66,11,7.5,15.7,15.6,31.5,15,0.733,12,0.667,1,1,0.731,0.765,2.7,2.3,17.3,0.5,10.3,0.09,0.45,0.82,7.8,116.9,86.1
Max Strus,MIA,SG,25.13,39,13,27.1,18.3,3.9,24,0.667,39,0.897,148,0.338,0.588,0.597,6.1,1.1,4.6,0.6,7.3,0.28,0.05,0.21,4.9,115.4,107.7
Gabe Vincent,MIA,SG,24.92,50,13.1,27.3,19.1,12.3,23,0.87,84,0.5,149,0.309,0.476,0.498,4.8,1.1,4.9,1.3,15.1,0.42,0.04,0.68,5.8,97.8,103
Jaylen Adams,MIL,SG,25.03,7,2.6,5.4,18.5,0,0,0,6,0.167,2,0,0.125,0.125,0.3,0.4,8.7,0.3,12.6,0,0,0,5.1,,
Giannis Antetokounmpo,MIL,SF,26.44,61,33,68.7,32.5,13.2,581,0.685,879,0.636,221,0.303,0.6,0.633,28.1,11,17.5,5.9,28.7,1.18,1.21,3.39,14.8,121.1,102.2
Thanasis Antetokounmpo,MIL,SF,28.83,57,9.7,20.1,15.3,21.3,49,0.51,108,0.556,29,0.241,0.515,0.523,2.9,2.2,11.8,0.8,10.3,0.39,0.18,0.75,7.1,103.3,100.5
D.J. Augustin,MIL,PG,33.52,37,19.3,40.1,14.3,14,40,0.9,63,0.349,129,0.38,0.497,0.542,6.1,1.4,3.7,3,18.6,0.54,0.03,0.92,6.1,114.8,112.5
Elijah Bryant,MIL,SG,20,1,31.6,65.8,24.3,21.8,3,1,8,0.625,5,0.2,0.5,0.559,16,6,10,3,12.8,0,1,4,8.4,98.9,103.8
Pat Connaughton,MIL,SF,28.36,69,22.8,47.5,11.6,7.5,40,0.775,115,0.583,272,0.371,0.565,0.578,6.8,4.8,11.1,1.2,6.3,0.68,0.33,0.48,6,120.2,107.6
Torrey Craig,MIL,SF,30.41,18,11.2,23.3,10.8,9.6,2,0.5,24,0.417,22,0.364,0.478,0.48,2.5,2.4,11.2,0.9,9.5,0.5,0.39,0.28,6.3,112.3,101.2
Mamadi Diakite,MIL,PF,24.32,14,10.1,21,14.6,6.1,14,0.786,32,0.469,8,0.125,0.413,0.477,3.1,2.4,12.7,0.6,6.9,0.5,0.43,0.21,6.5,109,100.6
Donte DiVincenzo,MIL,SG,24.29,66,27.5,57.3,16.7,12.7,71,0.718,257,0.475,346,0.379,0.528,0.542,10.4,5.8,11,3.1,14.2,1.09,0.23,1.39,8.3,111.1,107.3
Bryn Forbes,MIL,PG,27.82,70,19.3,40.3,18.5,7.3,61,0.77,188,0.511,341,0.452,0.618,0.631,10,1.6,4.3,0.6,4.5,0.33,0.01,0.63,4.4,118,111.6
Jrue Holiday,MIL,PG,30.93,59,32.3,67.3,22.2,12.6,136,0.787,540,0.561,283,0.392,0.57,0.592,17.7,4.5,7.4,6.1,26.3,1.64,0.63,2.15,9.7,119.9,109.2
Justin Jackson,MIL,SF,26.14,1,32.6,67.9,14,9.2,2,0.5,3,0.333,6,0.333,0.444,0.455,9,6,9.7,1,3.7,0,0,1,4.6,98.7,114.2
Rodions Kurucs,MIL,PF,23.28,5,6.7,14,16,31.1,2,1,4,0.5,4,0.75,0.813,0.845,3,1.8,14,0.8,15.2,0.6,0,0.8,9.7,126.1,85.1
Brook Lopez,MIL,C,33.12,70,27.2,56.6,16.9,8.3,142,0.845,359,0.632,281,0.338,0.577,0.611,12.3,5,9.6,0.7,3.5,0.57,1.47,0.91,5.2,120.2,107.6
Sam Merrill,MIL,SG,25,30,7.8,16.2,15.1,11.9,4,1,25,0.44,47,0.447,0.59,0.603,3,1,6.8,0.7,11.4,0.27,0.03,0.33,6.6,117.5,108
Khris Middleton,MIL,PF,29.76,68,33.4,69.5,25,13.1,236,0.898,709,0.508,365,0.414,0.546,0.588,20.4,6,9.4,5.4,23.2,1.09,0.15,2.6,10.4,115.5,107.1
Jordan Nwora,MIL,SF,22.69,30,9.1,19,26,14.1,25,0.76,73,0.466,62,0.452,0.563,0.586,5.7,2,11.5,0.2,3.6,0.53,0.23,0.8,5.8,101.7,103.6
Bobby Portis,MIL,PF,26.26,66,20.8,43.3,21,8.1,73,0.74,442,0.541,157,0.471,0.584,0.597,11.4,7.1,17.9,1.1,7.4,0.79,0.39,0.85,8.6,120,103
Jeff Teague,MIL,PG,32.93,21,15.9,33.1,17.5,17.9,44,0.864,69,0.507,26,0.385,0.526,0.603,6.6,1.5,4.9,2.8,22.2,0.38,0.24,1.19,7.6,117.8,112.9
Axel Toupane,MIL,SF,20,8,7.7,15.9,9.6,0,7,0.714,9,0.333,2,0.5,0.409,0.497,1.8,0.8,5.2,0.5,7.6,0.25,0.38,0,4.7,118.6,105.5
P.J. Tucker,MIL,SF,36.03,20,19.8,41.3,5.8,12.7,5,0.6,13,0.385,33,0.394,0.533,0.539,2.6,2.8,7.4,0.8,4.6,0.5,0.1,0.35,3.6,119.1,107.4
D.J. Wilson,MIL,C,25.24,12,8.7,18.2,19.2,8.4,2,0.5,15,0.4,28,0.357,0.488,0.49,3.6,2.1,12.6,0.3,3.7,0.08,0.33,0.33,6,96.2,101.4
Malik Beasley,MIN,SG,24.47,37,32.8,68.4,24,8.6,80,0.85,279,0.487,321,0.399,0.547,0.57,19.6,4.4,7.2,2.4,11.6,0.81,0.19,1.62,7.2,108.8,115
Jarrett Culver,MIN,SG,22.24,34,14.7,30.6,18.2,12.9,48,0.604,115,0.487,53,0.245,0.449,0.476,5.3,3.1,11.3,0.7,6.8,0.5,0.26,0.82,6.1,95.3,106.6
Ed Davis,MIN,PF,31.95,23,13,27.1,7.9,12.4,12,0.833,44,0.432,0,0,0.432,0.487,2.1,5,20.8,0.9,9,0.57,0.57,0.3,6.5,127.7,95.9
Anthony Edwards,MIN,SF,19.78,72,32.1,67,27,10.8,272,0.776,690,0.484,520,0.329,0.488,0.523,19.3,4.7,7.9,2.9,14.6,1.14,0.49,2.24,8,101.4,113.6
Ashton Hagans,MIN,PG,21.86,2,2.1,4.3,10.2,100,0,0,0,0,0,0,,,0,0,0,0,0,0,0,0.5,0,,
Juancho Hernangomez,MIN,PF,25.63,52,17.3,36.1,17.2,7.3,97,0.619,131,0.573,168,0.327,0.527,0.549,7.2,3.9,12.3,0.7,5.6,0.37,0.13,0.52,6.2,110.4,112.7
Jake Layman,MIN,SF,27.2,45,13.9,29,15.1,11.5,37,0.703,106,0.642,78,0.295,0.557,0.577,5.1,1.5,5.8,0.6,6.4,0.64,0.42,0.58,4.8,107,112.2
Jaden McDaniels,MIN,SF,20.63,63,24,50,12,10.8,45,0.6,169,0.544,198,0.364,0.545,0.552,6.8,3.7,8.3,1.1,6.4,0.56,0.95,0.75,5,107.7,108
Jordan McLaughlin,MIN,PG,25.1,51,18.4,38.3,13.7,16.7,30,0.767,150,0.447,92,0.359,0.481,0.502,5,2.1,6.2,3.8,28,1,0.12,1,7.4,110,114.1
Jaylen Nowell,MIN,SG,21.86,42,18.1,37.6,21.4,7.2,55,0.818,185,0.497,150,0.333,0.499,0.528,9,2.3,6.8,1.5,12.5,0.52,0.29,0.67,6.9,106.8,110.3
Josh Okogie,MIN,SG,22.71,59,20.3,42.3,12.1,12.5,108,0.769,146,0.5,108,0.269,0.459,0.524,5.4,2.6,7.1,1.1,7,0.92,0.47,0.73,4.9,108.4,109
Naz Reid,MIN,C,21.72,70,19.2,40.1,22.5,9.5,166,0.693,407,0.597,174,0.351,0.576,0.599,11.2,4.6,12.9,1,8.7,0.49,1.07,0.99,7.8,114.3,104.2
Ricky Rubio,MIN,PG,30.57,68,26.1,54.3,16,16.4,150,0.867,284,0.447,214,0.308,0.454,0.516,8.6,3.3,6.8,6.4,33.3,1.46,0.06,1.63,8.7,113.1,110.1
D'Angelo Russell,MIN,SG,25.23,42,28.5,59.3,29.1,13.5,149,0.765,342,0.471,310,0.387,0.523,0.555,19,2.6,5,5.8,33.7,1.07,0.43,2.67,9.3,108,114.4
Karl-Anthony Towns,MIN,C,25.5,50,33.8,70.4,29.1,13.7,311,0.859,560,0.541,315,0.387,0.555,0.612,24.8,10.6,17,4.5,22.6,0.76,1.14,3.2,12.5,116.4,105.4
Jarred Vanderbilt,MIN,C,22.12,64,17.8,37.1,12.3,15.9,102,0.559,231,0.615,5,0.2,0.608,0.612,5.4,5.8,17.5,1.2,9.3,1,0.73,0.83,7.5,120.6,104
Steven Adams,NOP,C,27.83,58,27.7,57.6,11.7,17.7,135,0.444,305,0.62,3,0,0.614,0.596,7.6,8.9,17.4,1.9,9.1,0.93,0.66,1.36,7.3,119.7,107.8
Nickeil Alexander-Walker,NOP,SG,22.7,46,21.9,45.6,23.2,12.4,66,0.727,239,0.485,219,0.347,0.502,0.522,11,3.1,7.8,2.2,14.7,1.02,0.48,1.5,7.7,100.5,106.5
Lonzo Ball,NOP,PG,23.55,55,31.8,66.2,20.5,14.5,64,0.781,245,0.482,455,0.378,0.537,0.551,14.6,4.8,8.2,5.7,25.4,1.49,0.56,2.24,9.3,109.8,109.5
Eric Bledsoe,NOP,PG,31.44,71,29.7,62,18.5,12.1,195,0.687,376,0.495,355,0.341,0.503,0.532,12.2,3.4,6.3,3.8,17.3,0.77,0.34,1.58,7.3,107.8,112.2
Wenyen Gabriel,NOP,PF,24.14,21,11.5,23.9,14.4,18.2,17,0.647,28,0.393,32,0.406,0.508,0.533,3.4,2.6,12.2,0.5,5.9,0.43,0.38,0.71,5.7,102.6,101.9
Josh Hart,NOP,SG,26.2,47,28.7,59.8,13.5,11.8,89,0.775,150,0.587,193,0.326,0.532,0.568,9.2,8,15.2,2.3,10.5,0.81,0.26,1.09,7.7,115.2,105.7
Jaxson Hayes,NOP,C,20.98,60,16.1,33.5,16.2,10.5,120,0.775,266,0.635,14,0.429,0.636,0.675,7.5,4.3,14.5,0.6,5.2,0.42,0.63,0.65,6.7,130.6,105
Willy Hernangomez,NOP,C,26.97,47,18,37.5,17,9.9,93,0.667,258,0.581,10,0.1,0.565,0.591,7.8,7.1,21.4,1.1,8.4,0.47,0.49,0.72,8.7,123.4,105.6
Brandon Ingram,NOP,SF,23.7,61,34.3,71.5,28,11,320,0.878,726,0.51,375,0.381,0.531,0.584,23.8,4.9,7.8,4.9,22.4,0.69,0.59,2.51,9.7,114.9,111.3
Wes Iwundu,NOP,SG,26.41,18,14,29.1,11.8,18.4,17,0.824,32,0.469,18,0.111,0.36,0.435,2.8,2.6,9.9,0.4,3.9,0.33,0.06,0.72,4.1,85.6,107.2
James Johnson,NOP,PF,34.24,22,24.5,51,18,12.1,47,0.596,122,0.516,60,0.267,0.478,0.498,9.2,4.1,9.2,2.2,12.2,0.82,0.86,1.27,7.1,100.9,104.4
Kira Lewis Jr.,NOP,SG,20.11,54,16.7,34.9,18.3,8.6,51,0.843,217,0.415,120,0.333,0.445,0.477,6.4,1.3,4.3,2.3,18.7,0.7,0.19,0.63,6.4,105.1,107.3
Marcos Louzada Silva,NOP,SF,20,3,18.8,39.1,11.9,18.8,0,0,5,0.2,8,0.25,0.308,0.308,2.7,1,2.9,1,6.5,0.67,0,1,3,65.8,109.3
Will Magnay,NOP,C,22.93,1,3.3,6.9,25.5,50,0,0,0,0,1,0,0,0,0,0,0,0,0,0,0,1,0,,
Naji Marshall,NOP,SF,23.31,32,21.9,45.6,16.8,13.6,75,0.707,126,0.421,83,0.349,0.462,0.508,7.7,4.6,11.5,2.8,16.5,0.81,0.31,1.19,8.5,105.2,106.2
Nicolo Melli,NOP,SF,30.3,22,11,22.9,12,10.1,7,0.857,22,0.364,37,0.189,0.314,0.346,2,2.6,12.8,1.1,12.7,0.41,0.05,0.32,6.5,92,102.7
James Nunnally,NOP,SF,30.84,9,5.3,11.1,14,12.6,2,0.5,1,1,12,0.333,0.538,0.54,1.7,1,10.2,0.3,8.1,0,0,0.22,6,107,116.3
JJ Redick,NOP,SG,36.89,31,18.6,38.8,18.9,9.6,47,0.957,74,0.486,140,0.364,0.526,0.575,8.7,1.7,4.9,1.3,9.5,0.29,0.06,0.81,5.8,112.5,112.1
Isaiah Thomas,NOP,PG,32.27,3,16.1,33.5,29.5,17.7,2,1,15,0.4,12,0.25,0.389,0.412,7.7,1.3,4.5,1.7,15,0.33,0,2,6.4,78.1,112.5
Sindarius Thornwell,NOP,SG,26.5,14,5.2,10.9,14.8,15.5,2,0,12,0.333,9,0.333,0.405,0.388,1.2,0.4,3.7,0.3,7,0.36,0.07,0.29,4,76.1,111.8
Zion Williamson,NOP,SF,20.86,61,33.2,69.2,29.8,11.6,529,0.698,1003,0.622,34,0.294,0.616,0.649,27,7.2,11.8,3.7,19.8,0.93,0.64,2.74,10.8,123.4,109.8
RJ Barrett,NYK,SG,20.92,72,34.9,72.7,23.4,10.5,276,0.746,750,0.457,309,0.401,0.5,0.535,17.6,5.8,8.9,3,13.8,0.74,0.28,1.93,7.7,106.2,104.7
Ignas Brazdeikis,NYK,SF,22.35,4,1.8,3.7,18.1,34.7,2,1,1,0,0,0,0,0.532,0.5,0.5,15.3,0.3,17.3,0,0,0.25,9.4,,
Reggie Bullock,NYK,SG,30.17,65,30,62.5,14.4,7.1,55,0.909,163,0.521,398,0.41,0.587,0.606,10.9,3.4,6.2,1.5,7.4,0.8,0.17,0.69,5.1,118.4,105.2
Alec Burks,NYK,SG,29.83,49,25.6,53.3,21.4,8.2,118,0.856,254,0.425,246,0.415,0.522,0.564,12.7,4.6,9.8,2.2,13.2,0.63,0.29,1,7.9,113.5,102.9
Taj Gibson,NYK,PF,35.9,45,20.8,43.3,9.7,10.8,55,0.727,143,0.671,15,0.2,0.636,0.661,5.4,5.6,14.5,0.8,5.4,0.69,1.09,0.49,5.6,137.9,99.5
Jared Harper,NYK,PG,23.67,8,2,4.2,24.1,34.2,4,0.75,3,0,1,0,0,0.26,0.4,0.3,6.7,0.1,7.6,0,0,0.38,4.6,,
Kevin Knox II,NYK,SF,21.77,42,11.1,23,16.2,10.1,20,0.8,54,0.389,89,0.393,0.514,0.537,3.9,1.5,7.1,0.5,5.9,0.29,0.14,0.4,5.2,104.2,104.6
Nerlens Noel,NYK,C,27.1,64,24.2,50.3,9.2,20.3,70,0.714,221,0.62,3,0,0.612,0.636,5.1,6.4,14.3,0.7,4.1,1.09,2.2,1.02,4.7,120.3,97.3
Frank Ntilikina,NYK,PG,22.8,33,9.8,20.3,13.6,11.2,18,0.444,31,0.194,48,0.479,0.513,0.512,2.7,0.9,5.2,0.6,8.2,0.55,0.12,0.33,4.6,101.8,96.7
Elfrid Payton,NYK,PG,27.23,63,23.6,49.1,23.2,13.3,107,0.682,524,0.46,98,0.286,0.455,0.478,10.1,3.4,7.9,3.2,21.6,0.75,0.14,1.63,8.1,98.9,104.6
Norvel Pelle,NYK,C,28.28,9,5.8,12,6.8,0,2,0.5,7,0.714,0,0,0.714,0.698,1.2,1.2,11.5,0.1,2.7,0.11,0.67,0,3.6,149.8,103.1
Theo Pinson,NYK,SF,25.53,17,2,4.2,13.1,10,0,0,1,1,8,0,0.111,0.111,0.1,0.3,8,0.1,3.7,0,0,0.06,2.9,,
Immanuel Quickley,NYK,SG,21.92,64,19.4,40.5,25.6,8.1,174,0.891,277,0.401,303,0.389,0.497,0.557,11.4,2.1,6,2,16.2,0.47,0.19,0.91,7.5,113.4,103.9
Julius Randle,NYK,PF,26.46,71,37.6,78.2,29.3,13.7,429,0.811,933,0.474,389,0.411,0.516,0.567,24.1,10.2,14.7,6,27.2,0.9,0.25,3.38,12.1,110.9,100.3
Austin Rivers,NYK,PG,28.79,21,21.1,43.9,16.5,13.5,14,0.714,58,0.517,77,0.364,0.533,0.545,7.3,2.2,5.8,2,13.9,0.57,0,1.05,6,105.2,105.8
Mitchell Robinson,NYK,C,23.13,31,27.5,57.3,11.8,11.5,53,0.491,176,0.653,0,0,0.653,0.642,8.3,8.1,16,0.5,2.9,1.13,1.45,0.84,4.7,130.5,99.5
Derrick Rose,NYK,PG,32.61,35,26.8,55.8,24.3,9.6,77,0.883,337,0.507,90,0.411,0.53,0.565,14.9,2.9,5.8,4.2,26.3,0.89,0.43,1.4,8.5,115.1,109
Dennis Smith Jr.,NYK,PG,23.47,3,9.2,19.2,22,7.3,6,0.833,6,0.333,4,0,0.2,0.356,3,0.7,3.9,1,14.6,1,0,0.33,5.6,83.5,92.9
Obi Toppin,NYK,SF,23.2,62,11,23,15.9,9.4,26,0.731,124,0.629,85,0.306,0.56,0.574,4.1,2.2,11,0.5,6.4,0.27,0.24,0.37,6,111.9,102.9
Darius Bazley,OKC,SF,20.93,55,31.2,64.9,22,13.7,178,0.702,404,0.47,286,0.29,0.456,0.491,13.7,7.2,12,1.8,8.9,0.53,0.45,2.22,7.2,92.4,112.9
Tony Bradley,OKC,C,23.35,22,18,37.5,18,16,44,0.705,120,0.667,2,0,0.656,0.676,8.7,6.1,17.7,0.9,8.4,0.41,0.77,1.23,8.1,122.2,106.7
Charlie Brown Jr.,OKC,PF,23.29,9,16.9,35.1,14.9,11.2,10,0.9,22,0.364,21,0.238,0.36,0.422,4.4,1.9,5.8,1,8.2,0.44,0.22,0.67,4.8,88.4,105.5
Moses Brown,OKC,C,21.59,43,21.4,44.6,17,11.7,126,0.619,269,0.543,0,0,0.543,0.57,8.6,8.9,21.7,0.2,1.7,0.72,1.12,1,4.6,116.6,103.5
Gabriel Deck,OKC,C,26.27,10,21.2,44.1,16.6,7.3,22,0.818,52,0.577,15,0.133,0.493,0.548,8.4,4,9.8,2.4,17.3,0.8,0,0.6,8.2,121,113.1
Hamidou Diallo,OKC,SG,22.8,32,23.8,49.5,22.5,12.1,132,0.629,256,0.512,41,0.293,0.502,0.536,11.9,5.2,11.3,2.4,16.4,0.97,0.38,1.53,8.9,105.8,104.3
Luguentz Dort,OKC,SG,22.08,52,29.7,61.8,21.7,10,164,0.744,310,0.432,329,0.343,0.475,0.513,14,3.6,6.4,1.7,8.8,0.87,0.37,1.52,5.9,99.9,109.3
Shai Gilgeous-Alexander,OKC,PG,22.85,35,33.7,70.2,27.8,13.7,229,0.808,395,0.547,170,0.418,0.571,0.623,23.7,4.7,7.3,5.9,31.2,0.77,0.66,3.03,10.3,117.7,111.9
Josh Hall,OKC,PF,20.6,21,16,33.3,18.1,17.4,44,0.5,62,0.419,37,0.108,0.323,0.363,4.1,2.8,9.1,1.3,11.6,0.19,0.05,1.19,6.2,73.3,106.3
George Hill,OKC,PG,35.04,14,26.3,54.9,16.5,8.4,25,0.84,63,0.619,57,0.386,0.6,0.63,11.8,2.1,4.1,3.1,18.2,0.86,0.14,0.86,6.5,126.6,116
Jaylen Hoard,OKC,SF,22.13,19,16.8,35,16.3,13.8,41,0.683,77,0.571,11,0,0.5,0.547,6.1,3.4,10.6,1.3,11.2,0.68,0.26,0.89,7.1,108.8,110.4
Al Horford,OKC,PF,34.95,28,27.9,58.2,21.6,7.3,22,0.818,208,0.51,152,0.368,0.528,0.538,14.2,6.7,12.5,3.4,20.1,0.89,0.93,1.04,9.8,111.2,109
Justin Jackson,OKC,SF,26.14,33,16.5,34.4,20.2,12,35,0.857,101,0.515,111,0.306,0.486,0.519,7.2,2.2,6.8,1.5,14.5,0.45,0.06,0.94,7,101.8,112.4
Ty Jerome,OKC,PG,23.86,33,23.9,49.7,18.8,13.5,34,0.765,119,0.479,168,0.423,0.57,0.585,10.7,2.8,6.1,3.6,23.7,0.61,0.18,1.42,8,113.2,110.4
Theo Maledon,OKC,PG,19.93,65,27.3,57,19.4,17.3,135,0.748,301,0.402,313,0.335,0.454,0.489,10.1,3.2,6.2,3.5,18.8,0.85,0.17,2.17,7.1,94,110.7
Darius Miller,OKC,SG,31.16,18,10.9,22.8,13.2,13.1,12,1,6,0.833,42,0.405,0.635,0.685,4.1,1.3,6.3,1.2,15.4,0.67,0.28,0.44,6.8,129.6,109.1
Mike Muscala,OKC,C,29.88,35,18.4,38.4,20,6.9,36,0.917,83,0.614,184,0.37,0.573,0.599,9.7,3.8,10.6,0.8,7,0.23,0.31,0.6,6.7,115.6,108.6
Svi Mykhailiuk,OKC,SG,23.93,30,23,47.9,21,14.4,20,0.7,140,0.543,143,0.336,0.523,0.531,10.3,3,6.7,1.8,12.3,0.8,0.2,1.63,6.6,96.6,113.3
Aleksej Pokusevski,OKC,SG,19.39,45,24.2,50.5,20.5,18.8,42,0.738,201,0.403,207,0.28,0.412,0.43,8.2,4.7,10.2,2.2,13.1,0.44,0.93,2.2,7.3,81,111.7
Justin Robinson,OKC,PG,23.6,9,9.8,20.3,12.2,7.9,5,0.6,7,0.429,14,0.286,0.429,0.453,2.3,0.8,4.1,1,14.1,0.33,0,0.22,5,102,106.8
Isaiah Roby,OKC,PF,23.28,61,23.4,48.7,17.7,19,117,0.744,320,0.547,109,0.294,0.52,0.555,8.7,5.6,12.4,1.8,11.4,0.85,0.61,1.85,7.6,101.4,103.8
Kenrich Williams,OKC,SF,26.46,66,21.6,45,15.3,14.8,63,0.571,294,0.568,117,0.444,0.596,0.599,8,4.1,9.9,2.3,16.4,0.86,0.26,1.15,7.8,115.4,106.2
Al-Farouq Aminu,ORL,SF,30.65,17,21.6,44.9,14.3,20.6,17,0.824,58,0.5,31,0.226,0.444,0.482,5.5,5.4,12.9,1.7,11.4,1,0.53,1.47,6.8,93,108.5
Cole Anthony,ORL,PG,21,47,27.1,56.4,24.3,14.8,131,0.832,380,0.424,172,0.337,0.449,0.496,12.9,4.7,9,4.1,24.2,0.64,0.38,2.26,9.3,98.4,109.4
Dwayne Bacon,ORL,SF,25.71,72,25.7,53.6,19.8,5.3,176,0.824,519,0.449,207,0.285,0.443,0.49,10.9,3.1,6.3,1.3,7.9,0.61,0.07,0.63,5.5,101.7,112.8
Mo Bamba,ORL,C,23.01,46,15.8,32.8,21.9,10.1,66,0.682,183,0.568,118,0.322,0.535,0.556,8,5.8,19,0.8,8.1,0.3,1.26,0.8,8.4,110.3,101.7
Khem Birch,ORL,PF,28.63,48,19.8,41.3,12.2,8.5,85,0.741,188,0.479,21,0.19,0.459,0.517,5.3,5.1,13.2,1.1,8,0.67,0.58,0.48,6.3,119.5,109.8
Jordan Bone,ORL,SG,23.53,14,14,29.2,12.6,5.3,0,0,22,0.591,32,0.313,0.519,0.519,4,1.7,6.4,1.3,13.6,0.14,0,0.21,5.9,112.6,113.7
Ignas Brazdeikis,ORL,SF,22.35,8,29.2,60.9,17.6,11.5,12,0.667,52,0.462,27,0.407,0.513,0.528,11.1,5.1,9.1,2,10.6,0.5,0.38,1.38,6.6,103.3,108.3
Devin Cannady,ORL,PG,24.99,8,9.3,19.3,19.2,6,7,0.857,12,0.417,16,0.375,0.5,0.547,4.3,0.6,3.5,0.1,2.1,0.63,0.13,0.25,2.7,105.2,103.8
Wendell Carter Jr.,ORL,C,22.09,22,26.5,55.3,19.5,11,68,0.721,176,0.534,29,0.241,0.51,0.549,11.7,8.8,17.2,1.6,9.7,0.77,0.82,1.32,8.3,111.8,106
Michael Carter-Williams,ORL,SG,29.6,31,25.8,53.7,20.2,18.4,80,0.613,209,0.431,61,0.246,0.417,0.449,8.8,4.5,9,4.1,24.1,0.81,0.55,2.23,8.5,92.3,106.7
Gary Clark,ORL,PF,26.5,35,18.2,37.9,10.3,11.2,10,0.8,23,0.391,108,0.287,0.424,0.439,3.4,3.2,9.1,0.9,6.4,0.34,0.2,0.49,4.7,96.9,112.9
James Ennis III,ORL,SF,30.88,41,24.1,50.1,13.9,11.6,87,0.805,139,0.504,104,0.433,0.566,0.613,8.4,4,8.7,1.5,9.3,0.78,0.17,0.9,6.1,119.4,108.5
Evan Fournier,ORL,SG,28.55,26,30.3,63,26.2,11.3,123,0.797,181,0.536,188,0.388,0.56,0.604,19.7,2.9,4.9,3.7,20.9,1.04,0.35,2.08,7.9,114,111
Robert Franks,ORL,PF,20,7,14.4,30,15.3,5.6,13,0.923,13,0.615,15,0.333,0.554,0.638,6.1,2,7.2,0.7,7.5,0.43,0.43,0.29,5.7,133,110.4
Markelle Fultz,ORL,PG,22.97,8,26.9,56,26.2,13.8,19,0.895,88,0.42,16,0.25,0.413,0.458,12.9,3.1,6,5.4,33.1,1,0.25,2.25,8.9,95.9,109.2
Aaron Gordon,ORL,PF,25.67,25,29.4,61.3,23.9,16.5,105,0.629,181,0.475,112,0.375,0.509,0.537,14.6,6.6,11.7,4.2,23,0.64,0.8,2.68,10.1,102.8,109.9
Donta Hall,ORL,PF,23.78,13,13.8,28.7,14,13.8,34,0.676,35,0.714,0,0,0.714,0.731,5.6,4.8,17.9,0.8,9.4,0.38,0.77,0.62,8.1,140.6,104.7
R.J. Hampton,ORL,SG,20.27,26,25.2,52.5,21.5,12.9,70,0.657,184,0.484,69,0.319,0.482,0.511,11.2,5,10.2,2.8,17.8,0.62,0.35,1.62,8.6,100.4,110.7
Gary Harris,ORL,SG,26.67,20,24.9,52,20.2,9.9,48,0.875,123,0.366,66,0.364,0.429,0.485,10.2,1.6,3.3,2.3,14.1,0.55,0.3,1.15,5.4,99.4,113
Karim Mane,ORL,SG,21,10,8.8,18.4,8.9,16.5,5,0.8,11,0.182,2,0.5,0.269,0.362,1.1,1.4,8.2,0.4,6,0,0.2,0.3,3.9,76.6,106.8
Frank Mason,ORL,PG,27.12,4,19.8,41.3,17.5,15.6,7,0.714,19,0.368,5,0.4,0.417,0.462,6.3,3,7.8,3,22.2,0,0,1.25,7.8,98.1,110.5
Chuma Okeke,ORL,PF,22.75,45,25.2,52.4,14.5,10,40,0.75,183,0.47,141,0.348,0.492,0.511,7.8,4,8.3,2.2,13.2,1.07,0.51,0.84,6.5,106.5,112.6
Otto Porter Jr.,ORL,SF,27.95,3,22.2,46.2,17.7,0,5,1,16,0.5,9,0.111,0.38,0.441,8,4.7,10.9,1.7,11.4,1.33,0,0,7.2,101.2,107.2
Chasson Randle,ORL,PG,28.28,41,20.4,42.5,15.7,15.1,48,0.792,107,0.449,130,0.338,0.481,0.515,6.5,2,5.1,1.8,12.9,0.56,0.12,1.12,5.6,97.8,110.7
Terrence Ross,ORL,SF,30.28,46,29.3,61,24.1,9.7,138,0.87,352,0.469,264,0.337,0.485,0.53,15.6,3.4,6.1,2.4,13.4,1.02,0.46,1.59,6.9,103,111
Sindarius Thornwell,ORL,SG,26.5,7,20.5,42.7,9.2,9.8,6,0.667,11,0.364,14,0.286,0.4,0.434,3.4,1.9,4.7,2.4,16,1,0.14,0.43,4.9,104.3,108.9
Nikola Vucevic,ORL,C,30.56,44,34.1,71,29.9,8,110,0.827,620,0.515,288,0.406,0.545,0.565,24.5,11.8,17.9,3.8,22.1,0.95,0.64,1.89,12.1,111.7,108.1
Moritz Wagner,ORL,PF,24.06,11,26,54.1,18.2,10.8,33,0.879,50,0.44,43,0.372,0.495,0.563,11,4.9,9.8,1.1,6.4,0.36,0.82,1.18,6,109.2,104.4
Tony Bradley,PHI,C,23.35,20,14.4,29.9,12.8,7,11,0.636,74,0.689,1,0,0.68,0.683,5.5,5.2,19.9,0.9,8.7,0.3,0.65,0.3,8.2,143.8,99.8
Ignas Brazdeikis,PHI,SF,22.35,1,7.9,16.5,16.3,0,0,0,2,0,1,0,0,0,0,2,13.9,0,0,0,0,0,0,0,110.9
Gary Clark,PHI,PF,26.5,2,6.4,13.3,3.4,0,0,0,1,0,0,0,0,0,0,1,8.6,0.5,9.1,0.5,0,0,0,56.9,100.4
Seth Curry,PHI,PG,30.73,57,28.7,59.9,17.1,10,77,0.896,272,0.485,280,0.45,0.582,0.607,12.5,2.4,4.6,2.7,13.6,0.77,0.14,1.14,6,117.7,107.7
Joel Embiid,PHI,C,27.17,51,31.1,64.8,35.3,12.2,548,0.859,745,0.541,154,0.377,0.545,0.636,28.5,10.5,18.7,2.8,16.2,0.98,1.35,3.12,12.1,120.8,100.1
Terrance Ferguson,PHI,SG,23,13,3.8,7.9,9.6,36.4,0,0,2,0.5,5,0,0.143,0.143,0.2,0.1,1.1,0.2,4.9,0.08,0,0.31,1.7,,
Danny Green,PHI,SG,33.9,69,28,58.4,14,10.5,40,0.775,113,0.434,432,0.405,0.572,0.581,9.5,3.8,7.4,1.7,8.3,1.33,0.81,0.96,5.6,113.3,105
Tobias Harris,PHI,PF,28.84,62,32.5,67.7,23.9,9.5,204,0.892,716,0.546,208,0.394,0.556,0.597,19.5,6.8,11.4,3.5,17.6,0.89,0.82,1.73,9.5,118,104.9
George Hill,PHI,PG,35.04,16,18.9,39.5,15.2,17.8,25,0.76,54,0.463,23,0.391,0.5,0.545,6,2,5.8,1.9,13.3,0.69,0.19,1.19,6,104.4,106.6
Dwight Howard,PHI,C,35.44,69,17.3,36.1,18.3,22.1,210,0.576,283,0.611,20,0.25,0.596,0.61,7,8.4,26.7,0.9,7.2,0.43,0.9,1.62,8.7,112.3,89.3
Isaiah Joe,PHI,SG,21.87,41,9.3,19.5,17.4,7.1,24,0.75,27,0.333,106,0.368,0.508,0.533,3.7,0.9,5.2,0.5,7.2,0.29,0.1,0.27,5.1,107.7,104.2
Mason Jones,PHI,PG,22.82,6,4.5,9.4,20.7,7.6,7,0.714,7,0.571,2,0.5,0.611,0.662,2.7,0.7,8.1,0.5,16.4,0.17,0,0.17,8.7,139,106.6
Furkan Korkmaz,PHI,SG,23.81,55,19.3,40.2,20.5,9.1,82,0.732,155,0.445,269,0.375,0.52,0.544,9.1,2.1,5.9,1.5,11.1,0.89,0.16,0.84,6.3,107.7,106
Dakota Mathias,PHI,PG,25.85,8,15.4,32.2,18,1.9,6,0.333,22,0.5,26,0.308,0.479,0.474,6,0.9,3.1,1.6,15,0.13,0.38,0.13,5.3,106.9,109.8
Tyrese Maxey,PHI,PG,20.53,61,15.3,32,23,8.2,70,0.871,326,0.512,103,0.301,0.498,0.531,8,1.7,6.1,2,19.9,0.43,0.21,0.67,7.9,109.6,104.3
Shake Milton,PHI,PG,24.64,63,23.2,48.3,25,12.2,176,0.83,464,0.494,203,0.35,0.503,0.549,13,2.3,5.6,3.1,20.3,0.62,0.29,1.63,7.8,108.4,104.4
Vincent Poirier,PHI,C,27.58,10,3.9,8.1,19.4,17,6,0.333,11,0.273,1,0,0.25,0.273,0.8,1.3,18.3,0.2,6.6,0,0.3,0.3,6.1,,
Paul Reed,PHI,SF,21.92,26,6.8,14.2,22.7,12.8,8,0.5,72,0.583,6,0,0.538,0.54,3.4,2.3,18.9,0.5,10.9,0.38,0.5,0.46,9.3,110.7,91.8
Mike Scott,PHI,PF,32.83,51,16.7,34.8,11.9,8.1,12,0.667,56,0.411,155,0.342,0.486,0.492,4.2,2.4,7.8,0.8,6.1,0.47,0.27,0.37,4.8,101,103.5
Ben Simmons,PHI,PF,24.82,58,32.4,67.4,20.2,19.6,287,0.613,573,0.562,10,0.3,0.56,0.584,14.3,7.2,12.2,6.9,31.3,1.6,0.6,2.98,11,114,100.2
Matisse Thybulle,PHI,SF,24.2,65,20,41.6,9.4,11.3,18,0.444,100,0.59,143,0.301,0.508,0.508,3.9,1.9,5.3,1,6.3,1.62,1.09,0.49,3.9,103.6,100.2
Anthony Tolliver,PHI,PF,35.96,11,9,18.8,9.8,13.3,6,0.833,3,0,14,0.286,0.353,0.433,1.5,0.9,5.6,0.2,2.5,0.27,0.18,0.27,2.9,90.7,106.3
Rayjon Tucker,PHI,SF,23.64,14,4.9,10.1,19.2,13.2,19,0.737,11,0.636,7,0.286,0.556,0.645,2.4,0.8,8.9,0.4,12.2,0.14,0,0.29,7.5,122.7,99.4
Ty-Shon Alexander,PHO,SG,22.84,15,3.2,6.6,14.9,18.9,2,0.5,3,0.333,9,0.222,0.333,0.349,0.6,0.7,11.9,0.4,15.2,0,0.07,0.2,6.9,,
Deandre Ayton,PHO,PF,22.82,69,30.6,63.8,18.2,11.8,173,0.769,667,0.639,20,0.2,0.629,0.653,14.4,10.5,19.5,1.4,6.8,0.59,1.17,1.48,7.8,127.1,102.8
Devin Booker,PHO,SG,24.54,67,33.9,70.6,32.7,12.4,392,0.867,916,0.543,371,0.34,0.533,0.587,25.6,4.2,7,4.3,20.6,0.79,0.24,3.09,9.1,110.1,107.6
Mikal Bridges,PHO,SF,24.71,72,32.6,67.9,14.9,7.4,131,0.84,353,0.649,315,0.425,0.644,0.668,13.5,4.3,7.4,2.1,8.8,1.06,0.88,0.81,6.1,131,110.7
Jevon Carter,PHO,PG,25.67,60,11.9,24.9,15,6.6,7,0.571,72,0.528,151,0.371,0.547,0.548,4.1,1.5,7.3,1.2,13,0.48,0.15,0.27,6.5,115.1,106.7
Torrey Craig,PHO,SF,30.41,32,18.8,39.2,15.5,9.5,20,0.8,97,0.619,84,0.369,0.588,0.603,7.2,4.8,14.5,1,7.4,0.59,0.59,0.63,6.9,121.2,102.9
Jae Crowder,PHO,PF,30.86,60,27.5,57.2,15.7,9.5,75,0.76,112,0.455,380,0.389,0.555,0.574,10.1,4.7,9.7,2.1,10,0.82,0.43,0.92,6.7,112.9,106.4
Langston Galloway,PHO,PG,29.44,40,10.9,22.8,17.3,7.6,23,0.957,62,0.484,85,0.424,0.571,0.605,4.8,1.1,5.4,0.7,8,0.2,0,0.33,5.7,117.4,111.3
Cameron Johnson,PHO,PG,25.2,60,24,49.9,17,7.3,59,0.847,148,0.581,335,0.349,0.541,0.563,9.6,3.3,7.9,1.4,8,0.62,0.27,0.67,5.9,111.9,109.6
Damian Jones,PHO,C,25.88,14,6.7,13.9,12.8,22.4,11,0.545,15,0.533,1,0,0.5,0.528,1.6,1.3,10.9,0.3,5.3,0.07,0.36,0.43,5.1,100.4,94
Frank Kaminsky,PHO,C,28.12,47,15.2,31.7,19,7.2,60,0.617,172,0.523,85,0.365,0.531,0.547,6.6,4,14.9,1.7,15.3,0.3,0.36,0.47,9.4,116.6,102.9
E'Twaun Moore,PHO,SG,32.22,27,14.4,30,17.2,15.3,14,0.857,86,0.512,35,0.314,0.5,0.523,4.9,1.7,6.6,1.5,13.7,0.56,0.19,0.85,6.4,102.9,107
Abdel Nader,PHO,PF,27.64,24,14.8,30.8,19,12.6,37,0.757,73,0.534,43,0.419,0.569,0.605,6.7,2.6,9.9,0.8,7.3,0.42,0.38,0.79,6.5,110.4,104.1
Chris Paul,PHO,PG,36.03,70,31.4,65.5,22.6,14,181,0.934,621,0.543,258,0.395,0.557,0.599,16.4,4.4,8,8.9,40.8,1.43,0.26,2.23,11,123.7,106
Cameron Payne,PHO,PG,26.77,60,18,37.5,19.8,12.5,56,0.893,229,0.515,166,0.44,0.576,0.602,8.4,2.4,7.6,3.6,28.1,0.6,0.27,1,9.3,121.3,105.5
Dario Saric,PHO,PF,27.11,50,17.4,36.3,22.6,12.9,99,0.848,207,0.512,135,0.348,0.516,0.567,8.7,3.8,12.4,1.3,10.4,0.6,0.08,1.14,8.1,109,101.9
Jalen Smith,PHO,C,21.17,27,5.8,12,17.2,11.7,7,0.714,33,0.545,17,0.235,0.48,0.499,2,1.4,13.5,0.1,3.4,0.04,0.19,0.26,4.5,96.2,103.7
Carmelo Anthony,POR,PF,36.97,69,24.5,51,23.1,6.7,156,0.891,452,0.429,325,0.409,0.506,0.548,13.4,3.1,6.8,1.5,9.2,0.67,0.55,0.88,6.5,111.4,111.1
Keljin Blevins,POR,SG,25.48,17,4.4,9.2,14.4,20,0,0,12,0.25,8,0.25,0.3,0.3,0.7,0.6,7.1,0.2,6.7,0.12,0,0.29,4,66.2,109.2
Robert Covington,POR,SF,30.42,70,32,66.8,11.5,10.7,62,0.806,153,0.451,356,0.379,0.533,0.553,8.5,6.7,11.1,1.7,6.8,1.44,1.2,0.91,5.7,112.2,107.8
CJ Elleby,POR,SF,20.92,30,6.4,13.4,17.4,6.4,15,0.733,32,0.563,34,0.206,0.432,0.468,2.3,1.1,8.9,0.3,7.1,0.2,0.1,0.17,5.7,104.4,104.7
Harry Giles III,POR,PF,23.07,38,9.2,19.1,15.9,15.5,27,0.593,74,0.459,23,0.348,0.474,0.496,2.8,3.5,20.4,0.8,11.3,0.21,0.34,0.53,8.6,105.8,98.5
Rondae Hollis-Jefferson,POR,SF,26.37,11,9.8,20.3,10.8,7.4,16,0.563,17,0.529,1,0,0.5,0.539,2.5,2.4,12.9,1.2,15.6,0.18,0.36,0.18,7.9,134.5,104.7
Rodney Hood,POR,PF,28.57,38,19.1,39.8,14.1,13.1,12,0.75,117,0.41,84,0.298,0.425,0.436,4.7,1.9,5.4,1.2,8.5,0.53,0.11,0.82,4.6,91.1,112.5
Derrick Jones Jr.,POR,SF,24.25,58,22.7,47.3,12.3,8.5,91,0.648,168,0.619,136,0.316,0.554,0.576,6.8,3.5,8.3,0.8,4.8,0.64,0.93,0.55,4.7,120.1,110.1
Enes Kanter,POR,C,28.99,72,24.4,50.8,17.4,11,164,0.774,557,0.607,4,0.25,0.605,0.636,11.2,11,24.2,1.2,7.2,0.46,0.67,1.08,8.7,132.3,105.5
T.J. Leaf,POR,PF,24.05,7,5.1,10.5,15.7,15.5,2,1,10,0.5,0,0,0.5,0.551,1.7,0.7,7.5,0.1,3.9,0.29,0.14,0.29,3.9,96.7,114.7
Damian Lillard,POR,PG,30.84,67,35.8,74.6,31.4,11.6,482,0.927,630,0.519,704,0.391,0.554,0.623,28.7,4.2,6.3,7.5,34.6,0.93,0.25,3.03,10.8,124.8,116.1
Nassir Little,POR,SF,21.26,48,13.3,27.8,13.8,8.8,45,0.8,87,0.575,80,0.35,0.551,0.589,4.6,2.7,10.7,0.5,4.9,0.1,0.27,0.38,5.5,120.1,111.9
CJ McCollum,POR,PG,29.66,47,34,70.9,27.1,6.4,133,0.812,464,0.509,420,0.402,0.554,0.577,23.1,3.9,6.2,4.7,23,0.94,0.45,1.36,8.8,120,114.9
Jusuf Nurkic,POR,C,26.73,37,23.8,49.6,22.3,16,113,0.619,303,0.525,30,0.4,0.532,0.554,11.5,9,20.2,3.4,21.4,1.03,1.08,1.97,11.9,112.7,101.8
Norman Powell,POR,SG,27.98,27,34.4,71.6,20.5,9.7,108,0.88,205,0.502,147,0.361,0.518,0.576,17,3.3,5.1,1.9,8.1,1.3,0.37,1.59,5.5,113.4,113.6
Anfernee Simons,POR,SG,21.94,64,17.3,36,18.3,9.2,57,0.807,120,0.4,281,0.427,0.569,0.589,7.8,2.2,6.8,1.4,11.4,0.28,0.13,0.67,6.7,116.5,111.5
Gary Trent Jr.,POR,SG,22.33,41,30.8,64.1,20.1,5.3,75,0.773,219,0.438,305,0.397,0.53,0.55,15,2.2,3.9,1.4,6.7,0.9,0.15,0.76,4.7,112,116.4
Marvin Bagley III,SAC,PF,22.18,43,25.9,53.9,23.5,9.7,134,0.575,382,0.55,108,0.343,0.542,0.554,14.1,7.4,15.9,1,5.8,0.49,0.49,1.37,7.3,108.9,110.5
Harrison Barnes,SAC,PF,28.96,58,36.3,75.5,17.2,11.1,235,0.83,386,0.567,256,0.391,0.575,0.626,16.1,6.6,10.2,3.5,13,0.74,0.19,1.6,7.9,122.3,117.4
Nemanja Bjelica,SAC,SF,33.02,26,16.9,35.2,19.3,14.3,42,0.762,92,0.565,58,0.293,0.517,0.555,7.2,3.8,12.6,1.9,15.3,0.31,0.08,1.08,8.8,109.8,109
Terence Davis,SAC,SF,24,27,21.5,44.8,22,11.5,37,0.784,101,0.535,145,0.372,0.549,0.57,11.1,3.3,8.4,1.7,11.3,1.04,0.26,1.26,7.4,106.5,111
De'Aaron Fox,SAC,PG,23.41,58,35.1,73.1,31,11.9,417,0.719,790,0.539,320,0.322,0.523,0.565,25.2,3.5,5.5,7.2,32.7,1.5,0.47,3,9.8,112.3,112.8
Kyle Guy,SAC,SG,23.77,31,7.6,15.8,19.7,10.2,20,0.8,42,0.381,46,0.283,0.403,0.449,2.8,1.1,8.3,1,17.8,0.19,0,0.35,7.7,98.5,112.5
Tyrese Haliburton,SAC,PG,21.21,58,30.1,62.7,18.1,12.5,56,0.857,323,0.529,296,0.409,0.569,0.585,13,3,5.5,5.3,24.6,1.33,0.48,1.59,7.9,117.8,116.9
Maurice Harkless,SAC,SF,28.02,26,24.9,52,12.6,10.5,41,0.805,79,0.582,73,0.247,0.48,0.526,6.9,3,6.6,1.4,7.2,1.08,0.65,0.77,4.9,105.6,109.3
Buddy Hield,SAC,SG,28.41,71,34.3,71.4,20.7,11.1,104,0.846,271,0.446,721,0.391,0.548,0.567,16.6,4.7,7.6,3.6,14.7,0.89,0.42,1.83,7.6,108.5,113.9
Richaun Holmes,SAC,PF,27.59,61,29.2,60.8,17.5,10.3,170,0.794,564,0.645,11,0.182,0.638,0.669,14.2,8.3,15.7,1.7,8.3,0.64,1.56,1.23,8,129.5,106.7
Justin James,SAC,SF,24.31,36,8.6,18,19.7,10.6,36,0.583,73,0.521,38,0.368,0.532,0.548,3.9,0.8,5.4,0.6,9.9,0.22,0.08,0.42,5.7,106.1,115.3
DaQuan Jeffries,SAC,SG,23.71,18,12.9,26.8,12.6,11.8,7,0.857,29,0.517,28,0.321,0.5,0.524,3.5,1.6,6.9,0.3,3.3,0.39,0.22,0.44,3.7,101.8,111.8
Damian Jones,SAC,C,25.88,17,20,41.7,12.7,14.9,35,0.714,66,0.682,4,0.25,0.664,0.691,6.9,4.5,12.5,1.4,9.4,0.53,1,0.88,7,130,109
Cory Joseph,SAC,PG,29.74,44,21.5,44.7,14.3,14,47,0.766,156,0.513,94,0.33,0.506,0.534,6.6,2.3,5.9,2.5,14.9,0.86,0.2,1,6.3,108.3,110.9
Louis King,SAC,PF,22.11,6,14.2,29.6,20.5,9.8,6,1,23,0.565,11,0.364,0.559,0.6,7.3,3,11.7,1.5,15.4,1.17,0.5,0.67,9,120.5,106.1
Chimezie Metu,SAC,PF,24.15,36,13.6,28.2,20,12.8,43,0.721,142,0.549,37,0.351,0.545,0.571,6.3,3.1,12.8,0.8,8.2,0.39,0.53,0.81,7.4,108.6,107.2
Jabari Parker,SAC,SF,26.17,3,9.1,19,15.8,30,0,0,6,0.667,1,0,0.571,0.571,2.7,2,12.2,0.3,5,0,0.33,1,5.2,82.7,105.6
Norvel Pelle,SAC,C,28.28,1,3.8,7.9,31.3,0,4,0.75,1,0,0,0,0,0.543,3,1,14.6,1,29.7,0,0,0,15.2,,
Jahmi'us Ramsey,SAC,PG,19.94,13,7.3,15.1,19.7,6.9,5,1,19,0.526,19,0.263,0.461,0.498,3.1,0.8,5.9,0.5,8.7,0.31,0.08,0.23,5.9,102,112.7
Glenn Robinson III,SAC,SF,27.35,23,16.1,33.5,14,9.2,23,0.913,55,0.473,44,0.364,0.505,0.554,5.3,2,6.8,0.9,7,0.17,0.13,0.48,5.3,112.1,116.8
Chris Silva,SAC,PF,24.66,4,2.4,4.9,18.1,25,0,0,3,0.333,0,0,0.333,0.333,0.5,0.5,11.7,0,0,0,0.25,0.25,0,,
Hassan Whiteside,SAC,PF,31.93,36,15.2,31.6,23.5,13.4,79,0.519,223,0.565,1,0,0.563,0.566,8.1,6,21.9,0.6,5.6,0.25,1.28,1.11,8.1,106.8,103.2
Robert Woodard II,SAC,SG,21.65,13,3.5,7.3,23.2,4.1,8,0.375,14,0.5,6,0.167,0.425,0.425,1.5,1.2,19.6,0.2,6.2,0,0.23,0.08,8.1,,
Delon Wright,SAC,SG,29.06,27,25.8,53.7,17.1,12.7,36,0.833,142,0.5,83,0.398,0.536,0.563,10,3.9,8.4,3.6,18.9,1.56,0.37,1.3,8.1,114.9,115.4
LaMarcus Aldridge,SAS,PF,35.83,21,25.9,54,22.7,7,37,0.838,173,0.509,75,0.36,0.518,0.545,13.7,4.5,9.2,1.7,10.2,0.38,0.86,0.95,7.3,107.3,110
Keita Bates-Diop,SAS,F,25.31,30,8.2,17,14.8,8.4,21,0.667,50,0.5,17,0.294,0.485,0.518,2.6,1.6,10.7,0.4,6.6,0.37,0.17,0.23,5.8,105.6,109.9
DeMar DeRozan,SAS,G-F,31.78,61,33.7,70.2,26.1,9.7,440,0.88,846,0.515,74,0.257,0.505,0.591,21.6,4.2,6.7,6.9,32,0.92,0.25,1.95,10.2,121.6,110.7
Gorgui Dieng,SAS,SG,31.33,16,11.3,23.6,18.1,13.2,24,0.833,33,0.667,22,0.318,0.591,0.648,5.3,2.6,12.3,1.2,14.9,0.56,0.13,0.63,9,125.2,103.7
Drew Eubanks,SAS,C,24.29,54,14,29.1,17.1,15.2,106,0.726,203,0.562,2,1,0.571,0.618,5.8,4.5,17,0.8,7.8,0.33,0.91,0.83,7.9,118.2,101.7
Rudy Gay,SAS,SF,34.75,63,21.5,44.9,23.6,8.8,102,0.804,350,0.451,278,0.381,0.505,0.532,11.4,4.8,11.9,1.4,9.7,0.73,0.63,1.03,7.9,103,105.5
Keldon Johnson,SAS,SF,21.6,69,28.5,59.4,19.2,9,196,0.74,524,0.531,181,0.331,0.522,0.557,12.8,6,11.1,1.8,8.9,0.58,0.35,1.13,7.3,110.5,108.5
Tre Jones,SAS,PG,21.35,37,7.3,15.1,16.1,13.1,19,0.895,73,0.466,5,0.6,0.494,0.544,2.5,0.6,4.2,1.1,20,0.22,0,0.35,6.5,111.8,113.6
Trey Lyles,SAS,C,25.53,23,15.6,32.4,12.9,5.7,23,0.652,50,0.58,40,0.35,0.556,0.574,5,3.7,12.8,0.6,5.3,0.26,0.04,0.26,5.7,115.5,111.2
Patty Mills,SAS,PG,32.76,68,24.8,51.6,18.4,9.1,78,0.91,182,0.5,430,0.374,0.543,0.569,10.8,1.7,3.7,2.4,13.5,0.6,0.04,0.96,5.7,110.7,113.7
Dejounte Murray,SAS,PG,24.66,67,31.9,66.5,23.4,10.2,134,0.791,775,0.488,199,0.317,0.485,0.509,15.7,7.1,11.8,5.4,25.9,1.51,0.1,1.75,10.6,105.5,107
Jakob Poeltl,SAS,C,25.59,69,26.7,55.7,13.4,14.8,124,0.508,430,0.616,0,0,0.616,0.612,8.6,7.9,15.8,1.9,10.1,0.68,1.78,1.22,7.6,123.1,105.3
Cameron Reynolds,SAS,SF,26.27,3,2.1,4.3,14,0,0,0,2,0.5,0,0,0.5,0.5,0.7,0,0,0,0,0,0,0,0,,
Luka Samanic,SAS,SF,21.35,33,9.3,19.5,19.4,14.5,29,0.552,62,0.565,43,0.279,0.505,0.518,3.7,2.1,11.7,0.5,6.9,0.24,0.24,0.61,6.8,96.4,100.6
Devin Vassell,SAS,SG,20.73,62,17,35.5,14.3,6.3,51,0.843,153,0.464,150,0.347,0.492,0.524,5.5,2.8,8.8,0.9,7.1,0.69,0.29,0.35,5.7,107.5,106.6
Lonnie Walker IV,SAS,SG,22.42,60,25.4,52.8,20.2,9.2,70,0.814,327,0.477,282,0.355,0.502,0.523,11.2,2.6,5.4,1.7,9.6,0.48,0.25,1.08,5.8,99.9,111.1
Quinndary Weatherspoon,SAS,SG,24.68,20,6.1,12.6,18.7,19.2,16,0.813,29,0.517,6,0.167,0.471,0.547,2.3,0.6,4.8,0.4,9,0.4,0.1,0.5,5.4,96.6,100
Derrick White,SAS,SG,26.87,36,29.5,61.6,22.4,8.2,114,0.851,210,0.486,243,0.346,0.503,0.55,15.4,3,5.4,3.5,17.4,0.72,1,1.25,7.4,110.6,108.7
OG Anunoby,TOR,PF,23.83,43,33.3,69.4,19.2,11.8,102,0.784,257,0.564,261,0.398,0.581,0.606,15.9,5.5,9.1,2.2,10.1,1.53,0.72,1.74,6.9,113.2,108.2
Aron Baynes,TOR,PF,34.44,53,18.5,38.5,16.2,12.5,41,0.707,200,0.535,103,0.262,0.487,0.505,6.1,5.2,15.3,0.9,7,0.3,0.43,0.87,6.6,103.8,103.3
DeAndre' Bembry,TOR,SF,26.87,51,19.1,39.7,14.6,21.6,66,0.682,175,0.589,53,0.264,0.544,0.57,5.7,2.9,8.3,2.1,15.5,1.04,0.35,1.39,6.8,104.1,106.8
Khem Birch,TOR,PF,28.63,19,30.4,63.3,15.8,9.9,44,0.636,140,0.614,31,0.29,0.582,0.596,11.9,7.5,13.6,1.9,9.4,0.89,1.16,1.11,7.3,122.4,108.5
Chris Boucher,TOR,PF,28.35,60,24.2,50.4,20.6,6.7,193,0.788,325,0.609,235,0.383,0.595,0.634,13.6,6.7,15.3,1.1,7,0.58,1.85,0.77,7.7,127.2,103.3
Terence Davis,TOR,SF,24,34,14.5,30.2,21.6,11.7,18,0.889,88,0.489,122,0.361,0.519,0.537,6.9,1.9,7.4,1.1,11.5,0.5,0.21,0.85,6.7,100.6,107.2
Henry Ellenson,TOR,C,24.34,2,19.2,40,17.7,0,4,0.75,5,0.6,9,0.222,0.429,0.476,7.5,6,17.2,2.5,18.7,0,0.5,0,10.1,120.5,95.9
Malachi Flynn,TOR,PG,23.02,47,19.7,41.1,19,10.5,56,0.804,173,0.422,168,0.321,0.452,0.483,7.5,2.5,6.9,2.9,21.4,0.83,0.15,0.91,7.7,102.9,109.5
Freddie Gillespie,TOR,PF,20,20,19.6,40.8,12.2,10.9,33,0.697,84,0.524,0,0,0.524,0.563,5.6,4.9,13.6,0.5,3.2,0.65,1.05,0.6,4.9,119.5,105
Jalen Harris,TOR,SG,22.76,13,13.2,27.6,22.6,15.6,9,0.778,36,0.528,36,0.472,0.618,0.632,7.4,1.4,5.8,1.3,16,0.62,0,1.08,7.2,109.9,108.5
Rodney Hood,TOR,PF,28.57,17,12.7,26.5,14.2,7,16,0.938,30,0.4,29,0.31,0.432,0.5,3.9,1.8,7.6,0.4,3.8,0.24,0.18,0.29,4.4,102.8,111.5
Stanley Johnson,TOR,SG,24.97,61,16.5,34.3,13.4,17.4,55,0.8,96,0.458,137,0.328,0.479,0.519,4.4,2.5,8.4,1.5,12,0.85,0.31,0.89,6.2,101.5,103.8
Alex Len,TOR,C,27.92,7,10.8,22.6,11.8,38.8,6,0.5,4,0.5,6,0.5,0.65,0.633,2.3,1.6,8,0.4,5.2,0.14,0.86,1.14,4.2,76.7,103.5
Kyle Lowry,TOR,PG,35.15,46,34.8,72.5,21.4,15.9,160,0.875,265,0.487,331,0.396,0.546,0.593,17.2,5.3,8.4,7.3,31.8,1.02,0.26,2.74,10,116.9,108
Patrick McCaw,TOR,PG,25.56,5,6.7,13.9,3,0,3,1,1,1,0,0,1,1.078,1,0.6,4.9,0.8,15,0.4,0,0,4.7,231.8,97.9
Pascal Siakam,TOR,C,27.12,56,35.8,74.6,26.4,10.6,301,0.827,715,0.509,246,0.297,0.493,0.547,21.4,7.2,11.1,4.5,20.5,1.14,0.68,2.32,9.9,110.6,107.4
Matt Thomas,TOR,PG,26.78,26,7.4,15.4,16,8.4,7,0.857,21,0.333,41,0.415,0.524,0.545,2.7,0.8,6,0.3,6.7,0.08,0,0.23,4.7,105.9,114.7
Gary Trent Jr.,TOR,SG,22.33,17,31.8,66.2,22.9,4.2,31,0.806,137,0.431,124,0.355,0.479,0.501,16.2,3.6,6.2,1.3,6.4,1.12,0.24,0.71,5.3,100.3,112.7
Fred VanVleet,TOR,PG,27.22,52,36.5,76.1,23.9,9.1,191,0.885,394,0.416,476,0.366,0.489,0.534,19.6,4.2,6.4,6.3,26.7,1.67,0.71,1.83,8.8,112.4,111
Yuta Watanabe,TOR,SF,26.59,50,14.5,30.1,12.7,9,29,0.828,90,0.478,90,0.4,0.539,0.565,4.4,3.2,12,0.8,7.7,0.52,0.4,0.38,6.2,116.4,107.6
Paul Watson,TOR,SG,26.38,27,11,22.9,13.8,9.5,8,0.625,18,0.444,64,0.469,0.646,0.649,4.1,1.7,8.3,0.6,8.2,0.19,0.11,0.33,5.9,120.3,104.9
Udoka Azubuike,UTA,C,21.66,15,3.8,7.9,12.4,18.3,10,0.8,9,0.444,0,0,0.444,0.597,1.1,0.9,12.1,0,0,0.07,0.27,0.2,0,,
Bojan Bogdanovic,UTA,SF,32.08,72,30.8,64.1,22.8,10.9,265,0.879,464,0.487,461,0.39,0.536,0.588,17,3.9,6.7,1.9,9.1,0.63,0.06,1.78,6.5,113.1,107.4
Jarrell Brantley,UTA,SF,24.94,28,4.9,10.3,19,13.1,2,1,24,0.542,28,0.429,0.596,0.605,2.3,1,10.4,0.5,16.1,0.25,0.07,0.29,8.6,119.8,97.3
Jordan Clarkson,UTA,SG,28.94,68,26.7,55.7,29.8,9.2,144,0.896,476,0.523,599,0.347,0.522,0.549,18.4,4,8,2.5,15.3,0.9,0.15,1.69,8.5,108.9,105.2
Mike Conley,UTA,PG,33.6,51,29.4,61.2,23.1,12.4,142,0.852,305,0.479,335,0.412,0.552,0.589,16.2,3.5,6.2,6,30.6,1.37,0.18,1.94,9.5,122.3,104.6
Derrick Favors,UTA,PF,29.84,68,15.3,31.8,13,11.5,80,0.738,241,0.643,2,0,0.638,0.663,5.4,5.5,19.2,0.6,6,0.47,1,0.53,6.8,136.6,94.2
Trent Forrest,UTA,SG,22.93,30,10.1,21,14.3,20.9,19,1,45,0.6,26,0.192,0.486,0.554,2.9,1.5,7.7,1.5,19.9,0.3,0.13,0.7,7.4,112.4,104.5
Rudy Gobert,UTA,C,28.89,71,30.8,64.2,17,13.7,374,0.623,575,0.68,4,0,0.675,0.683,14.3,13.5,23.3,1.3,6,0.56,2.68,1.66,8.2,129.9,99.1
Shaquille Harrison,UTA,PG,27.61,17,3.3,6.8,21.4,18.1,6,0.833,18,0.333,2,0,0.3,0.375,1,0.5,8.6,0.5,21.6,0.12,0,0.29,7.6,,
Elijah Hughes,UTA,SF,23.19,18,3.5,7.4,25.6,15.9,4,0.75,7,0.286,23,0.348,0.467,0.488,1.7,0.5,7.5,0.3,13.5,0.06,0.06,0.33,7.2,,
Ersan Ilyasova,UTA,SF,34.01,17,8.7,18.1,18.8,12.5,5,1,13,0.231,41,0.439,0.556,0.578,3.8,1.7,10.4,0.2,3.8,0.59,0.18,0.47,5,108.2,87.8
Joe Ingles,UTA,SF,33.62,67,27.9,58,16.6,16.3,90,0.844,156,0.59,406,0.451,0.652,0.672,12.1,3.6,6.9,4.7,24,0.67,0.18,1.75,8.4,128.2,105.6
Donovan Mitchell,UTA,SG,24.69,53,33.4,69.6,33.5,10.7,316,0.845,630,0.476,461,0.386,0.52,0.569,26.4,4.4,7,5.2,26.7,0.98,0.28,2.77,10.1,114.8,105.4
Juwan Morgan,UTA,PF,24.08,29,5.1,10.6,10.9,10.8,7,0.429,17,0.588,13,0.308,0.533,0.529,1.2,1,10.1,0.3,8,0.14,0.03,0.14,5.6,115.6,96.6
Georges Niang,UTA,SF,27.92,72,16,33.4,17.4,10.9,23,0.957,113,0.469,292,0.425,0.59,0.602,6.9,2.4,8.1,0.8,7.3,0.36,0.1,0.71,5.9,113.7,101.5
Royce O'Neale,UTA,PF,27.95,71,31.6,65.7,9.6,16.7,46,0.848,116,0.586,278,0.385,0.58,0.599,7,6.8,11.5,2.5,10.4,0.8,0.45,1.17,6.2,120,102.1
Miye Oni,UTA,SF,23.78,54,9.6,20,9.8,13.6,6,0.833,11,0.455,88,0.341,0.505,0.517,1.9,1.6,8.6,0.5,6.8,0.2,0.15,0.3,4.8,109.7,100
Matt Thomas,UTA,PG,26.78,19,7.1,14.7,24.4,10.5,7,0.857,26,0.615,39,0.256,0.477,0.499,3.6,1.2,9.1,0.5,11.2,0.11,0,0.42,7.3,99.8,106
Deni Avdija,WAS,SF,20.37,54,23.3,48.5,12,9,45,0.644,144,0.535,168,0.315,0.502,0.515,6.3,4.8,11,1.2,6.3,0.59,0.28,0.61,5.7,102.6,103.8
Bradley Beal,WAS,PG,27.89,60,35.8,74.5,34.1,10.6,459,0.889,1009,0.535,373,0.349,0.532,0.593,31.3,4.7,7,4.4,21.3,1.15,0.37,3.12,9.7,113.3,110.5
Jordan Bell,WAS,PF,26.36,5,13.4,28,14.2,13,0,0,18,0.389,2,0,0.35,0.35,2.8,3.8,15,1,9.4,0.6,0.6,0.6,6.6,85.6,106.3
Davis Bertans,WAS,PF,28.51,57,25.7,53.5,15.9,5.9,115,0.87,50,0.48,428,0.395,0.581,0.62,11.5,3,6.1,0.9,4.4,0.58,0.23,0.58,4.9,119.8,108.1
Isaac Bonga,WAS,PG,21.52,40,10.8,22.5,10.2,20.7,8,0.625,34,0.5,47,0.277,0.451,0.461,2,1.7,8.1,0.6,6.5,0.28,0.23,0.55,4.7,89.4,102.2
Troy Brown Jr.,WAS,SG,21.8,21,13.7,28.5,16.1,14.3,15,0.667,43,0.442,46,0.304,0.449,0.471,4.3,2.9,11.3,0.9,8.5,0.14,0.19,0.76,6.5,92.5,106.1
Thomas Bryant,WAS,C,23.8,10,27.1,56.4,17.2,9.8,24,0.667,70,0.714,21,0.429,0.698,0.704,14.3,6.1,11.9,1.5,8.2,0.4,0.8,1.1,7.5,131.1,104.9
Daniel Gafford,WAS,C,22.63,23,17.8,37,18.9,10.2,67,0.672,138,0.681,0,0,0.681,0.696,10.1,5.6,16.6,0.5,4.4,0.65,1.78,0.83,6.8,132.5,103.3
Anthony Gill,WAS,C,28.58,26,8.4,17.5,14.2,10.7,16,0.813,36,0.639,24,0.292,0.558,0.597,3.1,2,12.4,0.4,6.7,0.38,0.15,0.31,6.4,119.2,102
Rui Hachimura,WAS,PF,23.27,57,31.5,65.7,18.1,8.6,161,0.77,511,0.519,137,0.328,0.513,0.549,13.8,5.5,9.2,1.4,6.3,0.79,0.12,1.19,6,106.8,109.6
Chandler Hutchison,WAS,SG,25.06,18,15.7,32.7,16.1,13.6,23,0.826,66,0.409,19,0.368,0.441,0.494,5.2,3.2,10.9,0.7,6,0.61,0.28,0.83,5.8,93.2,105.8
Alex Len,WAS,C,27.92,57,15.8,33,16.7,12.9,110,0.636,249,0.647,19,0.263,0.629,0.643,7.1,4.4,14.6,0.8,7.2,0.33,1.02,0.82,7.4,121.2,102.1
Robin Lopez,WAS,C,33.12,71,19.1,39.7,17.1,13.4,137,0.723,406,0.65,18,0.278,0.64,0.663,9,3.8,10.6,0.8,5.9,0.21,0.62,1.06,6.3,123.7,110.2
Garrison Mathews,WAS,SG,24.56,64,16.2,33.8,11.5,3.5,95,0.884,39,0.538,198,0.384,0.57,0.635,5.5,1.4,4.4,0.4,3.1,0.45,0.11,0.16,3.6,129.4,107.7
Raul Neto,WAS,PG,28.99,64,21.9,45.7,15.9,9.9,85,0.882,283,0.512,164,0.39,0.539,0.575,8.7,2.4,5.9,2.3,14,1.14,0.09,0.83,6.6,114.7,108.2
Anzejs Pasecniks,WAS,C,25.41,1,6.3,13.1,39.4,83.3,0,0,0,0,1,0,0,0,0,1,8.4,1,17.8,0,0,5,0,20.7,88.8
Jerome Robinson,WAS,SG,24.23,17,17.9,37.4,16.7,15.5,20,0.8,53,0.321,42,0.262,0.353,0.4,4.9,2.2,6.6,1.5,10.2,0.71,0.35,1.12,5.7,80.3,106
Ish Smith,WAS,PG,32.86,44,21,43.7,15.8,11.6,33,0.576,248,0.448,49,0.367,0.465,0.473,6.7,3.4,8.6,3.9,24.7,0.73,0.3,0.93,8.5,105.1,109.1
Moritz Wagner,WAS,PF,24.06,25,15,31.3,18.3,12.7,52,0.788,80,0.613,42,0.31,0.561,0.614,7.1,2.9,10.3,1.3,11.7,0.88,0.32,0.84,8,116.4,97
Russell Westbrook,WAS,PG,32.51,65,36.4,75.9,30.3,18,413,0.656,965,0.475,273,0.315,0.474,0.509,22.2,11.5,16.8,11.7,48.6,1.35,0.35,4.8,15.8,104.1,104.3
Cassius Winston,WAS,PG,23.21,22,4.5,9.3,17.1,12.3,6,0.833,16,0.375,17,0.471,0.545,0.575,1.9,0.4,4.9,0.5,16.3,0.09,0.05,0.23,6.4,110.5,109.7